id,domain,status,purchase_price,renewal_price,attractiveness,demand,length,registrar,created_at,expires_at,status_verified_at
75318d2c-ce0f-4a0a-b11e-6a6b8d9b3a6c,cooling.graphics,available,22.98,31.98,high,low,7,namecheap,,,12/08/2026 05:28
745933cd-9545-4609-9a13-feb217d58796,errors.graphics,available,23.99,23.99,medium,low,6,namesilo,,,17/09/2026 17:09
5d40b484-2848-4804-b2db-020e2066792c,gramme.graphics,available,23.99,23.99,high,low,6,namesilo,,,
0be39337-da87-47dc-ab46-4c7e029ef6b5,spirant.graphics,available,22.98,31.98,medium,low,7,namecheap,,,12/08/2026 23:20
4770527c-fd01-493c-9a55-29da546e7aad,imprecise.graphics,available,22.98,31.98,medium,low,9,namecheap,,,21/08/2026 23:00
cb34283c-e276-4806-8cd7-acbfc6ea35d4,avarice.graphics,available,22.98,31.98,medium,low,7,namecheap,,,21/09/2026 08:42
4867e5b2-19a7-4cb5-a2ef-cb775031ffef,tito.graphics,available,23.99,23.99,high,low,4,namesilo,,,25/09/2026 23:21
8b8778c6-bff1-4549-8c50-3d5fac1ae1f1,muntjac.graphics,available,23.99,23.99,medium,low,7,namesilo,,,22/09/2026 06:28
85c8f734-61c5-4d2d-9308-24c007548969,tashkent.graphics,available,22.98,31.98,high,low,8,namecheap,,,24/09/2026 12:32
5f26b3d4-b272-49fc-a0d7-94ef5a364190,behave.graphics,available,23.99,23.99,high,low,6,namesilo,,,
79fce4ce-dcc9-445f-8ac8-acc82480f383,missile.graphics,available,23.99,23.99,high,low,7,namesilo,,,
55fc8945-d45c-4ac7-be0a-56c8f2eaa20a,assuring.graphics,available,22.98,31.98,medium,low,8,namecheap,,,07/08/2026 08:31
91aa3c7a-2eea-43f9-aaac-12176687fc34,each.graphics,available,23.99,23.99,high,low,4,namesilo,,,24/09/2026 12:45
4308990d-fc42-42dd-93dc-34dda8e4657d,incisive.graphics,available,22.98,31.98,medium,low,8,namecheap,,,22/08/2026 01:21
ff88a1cf-a8b4-4cce-aa7d-2ace77d37e5f,adjuster.graphics,available,23.99,23.99,high,low,8,namesilo,,,17/09/2026 08:32
68d50596-ae93-4fc5-bdcb-ad09c2e038b8,diplomacy.graphics,available,23.99,23.99,high,low,9,namesilo,,,
e10b136e-2cab-4c87-90e5-d9272aa76963,pack.graphics,available,22.98,31.98,high,low,4,namecheap,,,23/09/2026 16:28
842b83c8-0084-4213-8452-a4efd679af43,unstuck.graphics,available,22.98,31.98,high,low,7,namecheap,,,12/09/2026 20:40
51388517-4360-45c9-aa8f-b8c70f9f531f,desolation.graphics,available,23.99,23.99,medium,low,10,namesilo,,,22/09/2026 05:24
b3ce8c37-e2b0-4a80-bbcb-56228854ce69,synthesized.graphics,available,22.98,31.98,medium,low,11,namecheap,,,17/09/2026 19:35
4072427d-f4fa-4719-b2f3-e9d51f63f366,tingle.graphics,available,22.98,31.98,medium,low,6,namecheap,,,11/09/2026 16:11
3898f283-108f-4ff6-b910-e9e5c51d5fa3,alkaline.graphics,available,23.99,23.99,high,low,8,namesilo,,,22/09/2026 00:14
cb980c8e-d093-4567-b6ff-2ae17a52a32b,wasnt.graphics,available,23.99,23.99,low,low,5,namesilo,,,
d7428217-720a-4127-9ec0-4dcf25ebc56a,honest.graphics,available,22.98,31.98,high,low,6,namecheap,,,21/08/2026 13:19
7a98534e-49a8-499e-9433-be8e0359c798,ceaseless.graphics,available,22.98,31.98,medium,low,9,namecheap,,,11/08/2026 23:01
f833db1b-938e-4844-8f8a-f596a74caf77,paniculate.graphics,available,22.98,31.98,medium,low,10,namecheap,,,05/09/2026 01:01
bd183970-3f2b-4224-bbca-4799ff8eb6f8,wording.graphics,available,23.99,23.99,high,low,7,namesilo,,,
126671e0-951f-4e3d-aa8a-cd4edc13c234,illegal.graphics,available,23.99,23.99,high,low,7,namesilo,,,25/09/2026 07:45
3362cf16-276e-4c9d-8d59-e870d46edd39,tortuous.graphics,available,22.98,31.98,medium,low,8,namecheap,,,11/09/2026 18:01
b734d795-f961-4efe-84b2-3b3f3d1148e3,stanley.graphics,available,23.99,23.99,high,low,7,namesilo,,,25/09/2026 06:08
062c1ed9-abb7-43a6-aeca-98f8f0df1679,munchausen.graphics,available,22.98,31.98,medium,low,10,namecheap,,,22/09/2026 07:14
dd98ca4f-3037-4592-a099-dd61a2cc107b,slavelike.graphics,available,22.98,31.98,medium,low,9,namecheap,,,10/09/2026 10:32
f38e12a6-3ecd-471b-91ed-09ccd2813cb6,bolshevik.graphics,available,22.98,31.98,high,low,9,namecheap,,,10/08/2026 17:50
4def1523-4c73-4614-ad74-3058b4cc5024,months.graphics,available,22.98,31.98,high,low,6,namecheap,,,25/09/2026 18:02
91a5547f-277d-461a-ae6f-7ec1fd487cc0,mirish.graphics,available,23.99,23.99,medium,low,6,namesilo,,,16/09/2026 16:36
58f47466-bf09-4881-afda-6ef9a37c7686,texting.graphics,available,23.99,23.99,high,low,7,namesilo,,,17/09/2026 10:22
300a66f3-b196-4d38-951b-31e695d9d41a,gavin.graphics,available,22.98,31.98,high,low,5,namecheap,,,26/09/2026 03:29
30c3c5d7-da31-4dd7-9cd2-bb2a825b306a,busted.graphics,available,22.98,31.98,medium,low,6,namecheap,,,23/09/2026 12:06
8deed4d5-05ef-4ba2-b240-ec3d5e82b441,performed.graphics,available,23.99,23.99,medium,low,9,namesilo,,,
907efb65-9f77-48c2-8419-4b64ae46fe99,wars.graphics,available,23.99,23.99,medium,low,4,namesilo,,,18/09/2026 16:04
481783ef-e011-4cb0-a40b-1135ce5adda5,digestive.graphics,available,22.98,31.98,high,low,9,namecheap,,,24/08/2026 15:24
60a66e56-672c-4b9b-acf9-e560b2d13562,windsor.graphics,available,23.99,23.99,high,low,7,namesilo,,,
23ab6046-9cec-4bd6-90a0-3314422fa987,assayer.graphics,available,22.98,31.98,medium,low,7,namecheap,,,20/09/2026 15:59
e6878194-0d7c-462f-99e2-7d51ed92b3b2,fancied.graphics,available,22.98,31.98,high,low,7,namecheap,,,17/08/2026 20:17
c85de0d6-699a-4977-b6e8-d0c6d4cd9609,lawless.graphics,available,22.98,31.98,medium,low,7,namecheap,,,
eb13caac-459a-4b79-a46e-a2ecaa432928,apostle.graphics,available,31.99,33.99,high,low,7,name.com,,,19/09/2026 19:18
e631db8f-dd85-4e17-af37-5c9d2546c853,glancing.graphics,available,23.99,23.99,high,low,8,namesilo,,,
31343b07-9831-42c3-9047-72867f2b043b,bagpiper.graphics,available,22.98,31.98,high,low,8,namecheap,,,21/09/2026 18:28
480c7b72-a5f8-4faa-b7f2-61f615139f9a,redwing.graphics,available,23.99,23.99,high,low,7,namesilo,,,17/09/2026 16:57
ed111223-2f47-4ee4-9a03-f6b9a031cf66,ford.graphics,available,,,high,high,4,,,,
5e07b97d-8784-4733-a6b4-2a30f271df18,faithful.graphics,available,23.99,23.99,high,low,8,namesilo,,,24/09/2026 16:23
22644136-4951-4999-86ad-0c0a951ec686,bounty.graphics,available,23.99,23.99,high,low,6,namesilo,,,24/09/2026 07:35
c794317a-67fa-4c0b-941f-d06bddf5b586,categorial.graphics,available,22.98,31.98,medium,low,10,namecheap,,,11/08/2026 21:27
2e011a37-09c3-4171-a2b8-f867d6cc5b1e,parkin.graphics,available,23.99,23.99,medium,low,7,namesilo,,,17/09/2026 01:13
2d6144c1-9c45-4a8f-b2bd-308e5dbf3247,glimmer.graphics,available,22.98,31.98,high,low,7,namecheap,,,20/08/2026 14:19
9b322ccc-94d0-43df-8b87-84dfca419a40,kosovo.graphics,available,23.99,23.99,high,low,6,namesilo,,,25/09/2026 23:25
ec6ce85c-f10c-448d-8b1a-cad876000d62,burbling.graphics,available,22.98,31.98,medium,low,8,namecheap,,,11/08/2026 10:10
5b126ce9-16ae-4903-befc-4a1b9811d257,handrail.graphics,available,23.99,23.99,high,low,8,namesilo,,,22/09/2026 00:31
c2ad1c24-7676-4254-b433-8c2a70c2efea,buff.graphics,available,22.98,31.98,high,low,4,namecheap,,,11/08/2026 07:48
a8e59c62-9052-482d-a050-ed831831a9cc,doors.graphics,available,22.98,31.98,high,low,5,namecheap,,,25/09/2026 19:46
84c1b80d-3e1f-44b2-9783-1bf68cd26676,gibber.graphics,available,23.99,23.99,medium,low,6,namesilo,,,23/09/2026 23:36
27b63478-5cad-4dca-9fe9-47d605978f30,meals.graphics,available,23.99,23.99,high,low,5,namesilo,,,18/09/2026 16:02
24071b2d-1949-4b0d-93ca-c111c4a55871,abruzzi.graphics,available,23.99,23.99,medium,low,7,namesilo,,,16/09/2026 17:28
8e434852-64c4-4b07-a156-ab6cb183a116,bermudas.graphics,available,23.99,23.99,high,low,8,namesilo,,,23/09/2026 09:44
a9ffc37c-80e5-40c1-9de2-91224f4a84d2,peeved.graphics,available,22.98,31.98,medium,low,6,namecheap,,,
5ef6da84-d711-4ab5-9bab-7cfcc6d23453,rhapsodic.graphics,available,22.98,31.98,high,low,9,namecheap,,,14/08/2026 23:52
052ebec9-4231-4202-826c-67a760f2ecec,nullity.graphics,available,22.98,31.98,medium,low,7,namecheap,,,13/09/2026 06:33
cce75c0b-77b8-4533-84a8-e260a9f26b06,pluperfect.graphics,available,22.98,31.98,medium,low,10,namecheap,,,08/09/2026 22:00
6c204f24-0c41-4ecd-a69c-3b58d8e9e29a,cleavage.graphics,available,23.99,23.99,high,low,8,namesilo,,,24/09/2026 15:29
34586ef0-f05f-4cb0-bf62-761ce577a37a,auld.graphics,available,22.98,31.98,medium,low,4,namecheap,,,07/08/2026 17:21
e8357d6e-cc51-4533-b55f-606c50e25d41,firmament.graphics,available,22.98,31.98,high,low,9,namecheap,,,16/08/2026 20:58
5f2dbcc6-376a-40ab-b186-97d1b45591cc,endless.graphics,available,31.99,33.99,high,low,7,name.com,,,13/08/2026 18:44
310d4356-60bc-4ca8-91c0-ab4c5ebdcba8,allegiant.graphics,available,22.98,31.98,high,low,9,namecheap,,,
ef4a6080-2ea9-471e-a768-d577ef1963cd,eyetooth.graphics,available,22.98,31.98,medium,low,8,namecheap,,,11/08/2026 16:59
a35fe565-404b-4745-8ca7-fa83d32080c5,belong.graphics,available,23.99,23.99,high,low,6,namesilo,,,
e92fbc10-0dce-4f59-a2de-77994bae454f,biotite.graphics,available,22.98,31.98,high,low,7,namecheap,,,23/09/2026 19:13
45873040-829b-40f3-bceb-149b728e8183,bangs.graphics,available,23.99,23.99,medium,low,5,namesilo,,,16/09/2026 16:40
3f1b8fbd-5c0d-499a-9d42-b31f04beb73c,amends.graphics,available,23.99,23.99,high,low,6,namesilo,,,18/09/2026 18:41
8e307537-0d79-4eac-ab05-7ccecc9b6916,impression.graphics,available,23.99,23.99,high,low,10,namesilo,,,
bd7bfa1c-457f-423b-a9c2-e8eecd392cad,crass.graphics,available,22.98,31.98,medium,low,5,namecheap,,,13/08/2026 05:23
335030d9-79c6-4f89-b8ea-1b9ab92e8145,aircraft.graphics,available,31.99,33.99,high,low,8,name.com,,,17/09/2026 23:03
817b353a-6d2e-424b-8f83-1dd818c4d8e0,lasting.graphics,available,22.98,31.98,high,low,7,namecheap,,,24/09/2026 12:31
4266b82b-93c0-4990-8529-0664c21f01d5,prophetic.graphics,available,22.98,31.98,high,low,9,namecheap,,,09/09/2026 03:36
6f27ebd2-8ba9-4dba-9f03-5f139985a36f,estival.graphics,available,22.98,31.98,medium,low,7,namecheap,,,
3906c9e7-6802-45cf-8554-59d18d691b61,charles.graphics,premium,118.8,118.8,high,low,7,namesilo,,,
55d7d5fe-ab62-4096-bb5b-e136c9923cf1,subhuman.graphics,available,22.98,31.98,medium,low,8,namecheap,,,10/09/2026 23:56
145dd033-6600-4653-98a8-63cdbc72cb6f,immortal.graphics,available,22.98,31.98,high,low,8,namecheap,,,21/08/2026 21:12
1f001a56-3a7c-4ef0-aca4-b1782e20f35e,xxxii.graphics,available,22.98,31.98,medium,low,5,namecheap,,,
d2b7db43-ead5-4237-b5ed-fbcc57fb90b7,aspirin.graphics,available,,,high,medium,7,,,,
fdc89239-1e3f-4069-8a57-ccb2db3db04a,audiogram.graphics,available,23.99,23.99,medium,low,9,namesilo,,,21/09/2026 02:55
de035d73-5ce3-4745-84bd-e817ff0295ac,cased.graphics,available,22.98,31.98,high,low,5,namecheap,,,11/08/2026 20:04
cacb8675-e03e-4c70-acdc-f51939880246,agama.graphics,available,23.99,23.99,high,low,5,namesilo,,,17/09/2026 16:05
10569cd9-0777-4284-89bd-9cd342247bc0,stimulant.graphics,available,22.98,31.98,high,low,9,namecheap,,,17/08/2026 16:30
83e8df04-fd2f-4521-97fb-24994933dde8,abysm.graphics,available,23.99,23.99,medium,low,5,namesilo,,,16/09/2026 19:45
437f1baa-b076-4236-92ca-8d2607299206,airfare.graphics,available,23.99,23.99,high,low,7,namesilo,,,17/09/2026 23:10
fdc2a19a-73bc-4607-8024-c9ff1a0db26f,heterodyne.graphics,available,22.98,31.98,medium,low,10,namecheap,,,21/08/2026 07:29
0398c21d-0347-4b11-a04e-38143a970c6f,alecto.graphics,available,23.99,23.99,medium,low,6,namesilo,,,18/09/2026 04:50
0457466e-bad4-4795-be24-83de9eee802f,proofs.graphics,available,23.99,23.99,medium,low,6,namesilo,,,18/09/2026 06:55
be8d0698-d479-4b90-8458-5fa62645c581,communicate.graphics,available,23.99,23.99,high,low,11,namesilo,,,
37413a79-d00d-4d6c-8eae-fdbe1b3dd722,biodefense.graphics,available,22.98,31.98,medium,low,10,namecheap,,,23/09/2026 17:48
10c8ad51-edc3-4552-be1d-5899cbab30ed,oversee.graphics,available,23.99,23.99,high,low,7,namesilo,,,
464fd6ad-831c-426a-9481-9eb0500c2549,withdrawal.graphics,available,23.99,23.99,high,low,10,namesilo,,,21/09/2026 15:22
25a57122-12c0-4f3e-b98a-ae85faf58dd3,trifling.graphics,available,22.98,31.98,high,low,8,namecheap,,,05/09/2026 00:21
3ef3d5a0-bd2c-4b7d-acce-f455b2e3c9c1,taiwan.graphics,available,,,high,high,6,,,,
8195c2f7-9329-4144-92cc-93bb879c5655,gripping.graphics,available,23.99,23.99,high,low,8,namesilo,,,21/09/2026 15:05
3ae5e67d-df66-4019-ab95-a19e9badfca0,neighbour.graphics,available,23.99,23.99,high,low,9,namesilo,,,
f0b37e0e-232c-42d5-b266-f482011aa8eb,pacifist.graphics,available,22.98,31.98,high,low,8,namecheap,,,04/09/2026 22:35
94a85385-6148-43c3-891f-74e2dc3bc70b,err.graphics,premium,38.94,38.94,high,low,3,namesilo,,,
b44cbea6-9d57-4dfc-863f-eb711dc0820b,bonaparte.graphics,available,23.99,23.99,medium,low,9,namesilo,,,25/09/2026 00:27
ecdd1d4b-2aae-4ceb-80a7-4e6b1cf90b60,desperate.graphics,available,22.98,31.98,high,low,9,namecheap,,,14/08/2026 03:58
87a76c92-0aa6-4a20-a7c9-748c7ae05315,humor.graphics,available,23.99,23.99,high,low,5,namesilo,,,24/09/2026 06:28
01581e0d-8aa9-408b-ae00-6710176d3326,tycoon.graphics,available,23.99,23.99,high,low,6,namesilo,,,23/09/2026 14:18
28cfef40-c220-484f-b9a3-629236b2e052,damaged.graphics,available,31.99,33.99,medium,low,7,name.com,,,13/08/2026 16:03
5cb32cac-6954-4342-89ec-56812b08bc36,teller.graphics,available,23.99,23.99,high,low,6,namesilo,,,22/09/2026 02:23
f619ab2f-379d-48c8-9a86-802e851d46b7,coaching.graphics,available,23.99,23.99,high,low,8,namesilo,,,25/09/2026 02:47
731c6520-f271-4ed1-8189-befe5022eca7,gushy.graphics,available,22.98,31.98,high,low,5,namecheap,,,20/08/2026 21:03
def1ceb6-a616-4243-a9f5-7ac26ca87e95,alidade.graphics,available,23.99,23.99,medium,low,7,namesilo,,,18/09/2026 07:31
0d76631e-eb92-4c54-aad7-cac213fb71c0,keyserver.graphics,available,31.98,,medium,low,10,namecheap,,,
3368efba-4550-4df0-97cf-86bcec4bc26c,protozoan.graphics,available,22.98,31.98,high,low,9,namecheap,,,09/09/2026 04:12
639717fb-34ab-4190-b56f-cbe9143cf2ab,edgeless.graphics,available,22.98,31.98,high,low,8,namecheap,,,15/08/2026 08:37
f6653fbf-5f4b-449c-a9e7-f89971d68639,basis.graphics,available,23.99,23.99,high,low,5,namesilo,,,
2fde280c-d500-4628-9e03-b46dad3ce6f0,madman.graphics,available,22.98,31.98,high,low,6,namecheap,,,24/08/2026 11:20
cf49d862-06df-40aa-a5b4-0de3502190ef,sprinkle.graphics,available,22.98,31.98,high,low,8,namecheap,,,15/09/2026 20:15
382011d9-b8a2-4771-bb55-9b07b16c0488,promoter.graphics,available,23.99,23.99,high,low,8,namesilo,,,
c504b1e1-3509-4042-9236-1fece8f02666,gonzalez.graphics,available,23.99,23.99,high,low,8,namesilo,,,25/09/2026 16:13
994cdb53-ef25-4b8f-a3a9-d1a2e8340489,academy.graphics,premium,128.7,128.7,high,low,7,namecheap,,,16/09/2026 20:24
d1710f9f-ad45-492a-bce2-a2c91f0c7d85,patter.graphics,available,22.98,31.98,high,low,6,namecheap,,,15/09/2026 20:21
09b76c90-bf06-4058-ac1a-469b0ba93b3e,crocked.graphics,available,22.98,31.98,low,low,7,namecheap,,,09/08/2026 15:34
73caa2f4-c934-4c84-a7b8-6b96c846089a,speechless.graphics,available,22.98,31.98,medium,low,10,namecheap,,,19/09/2026 16:52
da5c6950-56ff-4fae-b8a6-6563c8da0eee,djiboutian.graphics,available,22.98,31.98,medium,low,10,namecheap,,,14/08/2026 14:08
8ca2081f-443c-4530-883a-329d9dba4ce7,slowest.graphics,available,22.98,31.98,medium,low,7,namecheap,,,16/09/2026 02:44
459efdb6-3924-4618-835f-ccbbe90cbe7c,fiduciary.graphics,available,22.98,31.98,high,low,9,namecheap,,,18/08/2026 03:39
73dffb93-89cf-4d1d-b443-908299236774,engineering.graphics,available,23.99,23.99,high,low,11,namesilo,,,25/09/2026 15:11
41757846-ad30-4ee7-b341-4eda7e07ee67,participle.graphics,available,22.98,31.98,medium,low,10,namecheap,,,08/09/2026 02:05
21b484b6-a7ed-4189-a0cd-a135eb9f419b,keychains.graphics,available,22.98,31.98,medium,low,9,namecheap,,,21/09/2026 02:44
b3d9db78-18bd-4ea0-9ada-eba45c28d596,bethune.graphics,available,23.99,23.99,medium,low,7,namesilo,,,23/09/2026 11:17
d6793495-0949-4b1a-beb7-a5e33e6bcd91,initiative.graphics,available,23.99,23.99,high,low,10,namesilo,,,19/09/2026 04:32
ee1f3c16-616f-4024-9dda-c132955ad57e,yuman.graphics,available,22.98,31.98,high,low,5,namecheap,,,13/09/2026 14:54
d9fe2ed5-d5b8-45d2-8ad9-9a421c1a9919,usefully.graphics,available,23.99,23.99,medium,low,8,namesilo,,,16/09/2026 10:28
6bdf13e4-7130-4ba9-8a38-0cb7539047c7,pithy.graphics,available,22.98,31.98,high,low,5,namecheap,,,19/09/2026 23:01
39d3d93f-3333-42f2-9d94-bc1792996322,reasonable.graphics,available,23.99,23.99,high,low,10,namesilo,,,24/09/2026 16:20
f7148637-e3f6-48f4-b29e-617d6e4ff836,buzzed.graphics,available,23.99,23.99,high,low,6,namesilo,,,
3383688e-9c5d-41cc-a1e3-d393848ecd1c,explicitly.graphics,available,22.98,31.98,medium,low,10,namecheap,,,14/09/2026 17:07
0c24942d-ded6-4d87-acec-4b48e4525bcf,dogmatism.graphics,available,23.99,23.99,medium,low,9,namesilo,,,23/09/2026 15:23
c892051b-ac3a-4ef5-96a5-e222670a15d5,tagged.graphics,available,22.98,31.98,high,low,6,namecheap,,,22/08/2026 17:17
c878ed34-e5e7-4807-8b67-7c6cd0ad439e,gardiner.graphics,available,23.99,23.99,high,low,8,namesilo,,,25/09/2026 06:17
9a2760d5-308f-4116-9e1a-0b7ab847a486,fermium.graphics,available,31.99,33.99,medium,low,7,name.com,,,20/09/2026 21:55
436ceda1-08a9-46ea-9e39-7084d1ff0b8b,inverse.graphics,available,23.99,23.99,high,low,7,namesilo,,,25/09/2026 11:05
f47d9654-393e-4d8d-af49-9c880175ea83,level.graphics,available,23.99,23.99,high,medium,5,namesilo,,,24/09/2026 15:32
7a95c9f1-aa9d-43d3-b398-51a15b194acd,relish.graphics,available,23.99,23.99,high,low,6,namesilo,,,
35ecb0a4-7d72-4a4a-8478-d12955d57570,aorta.graphics,available,23.99,23.99,high,low,5,namesilo,,,19/09/2026 16:04
a2befb56-d238-4a4f-899e-acd26c2f2f09,freckled.graphics,available,22.98,31.98,medium,low,8,namecheap,,,18/08/2026 14:26
de4faeef-0004-48a8-8b62-5ff142ca5e6e,undesigned.graphics,available,22.98,31.98,medium,low,10,namecheap,,,12/09/2026 07:46
5234ed60-f431-41a8-ae55-e1634ebf3b90,birling.graphics,available,22.98,31.98,medium,low,7,namecheap,,,23/09/2026 20:48
5d9152c0-9c76-4df4-97ac-e0acd3800638,gaslighter.graphics,available,23.99,23.99,medium,low,11,namesilo,,,
46dd3a8a-a1a6-49be-96e4-ac300296e3d4,beingness.graphics,available,22.98,31.98,medium,low,9,namecheap,,,23/09/2026 04:19
2211d6bd-a3fb-47f4-9f0a-77c8b66f760a,send.graphics,available,,,high,low,4,,,,
2c5d84fd-ca85-41fc-a951-64e6c1ed449d,ribless.graphics,available,22.98,31.98,medium,low,7,namecheap,,,09/09/2026 17:15
d5886d3f-b1a6-4232-b054-0b0034a70901,woops.graphics,available,23.99,23.99,medium,low,5,namesilo,,,
650d5a10-cb7f-4adf-99b8-7e88d73cdc7e,archaic.graphics,available,22.98,31.98,high,low,7,namecheap,,,
3595f2b7-50e3-4366-8135-6368d83a088f,blacksburg.graphics,available,23.99,23.99,medium,low,10,namesilo,,,24/09/2026 02:57
61f58c47-6b95-4e91-a206-c62be2adf1a3,apoplexy.graphics,available,22.98,31.98,medium,low,8,namecheap,,,19/09/2026 19:09
696e2aa0-eb1a-4a98-aff0-13d6b44ea6e1,humanity.graphics,available,23.99,23.99,high,low,8,namesilo,,,
5c957b51-839e-4c61-864e-111be9a46bf8,chamomile.graphics,available,23.99,23.99,high,low,9,namesilo,,,19/09/2026 13:01
61f1e905-6f89-4f6f-98f2-5602667ced35,pedestrian.graphics,available,22.98,31.98,high,low,10,namecheap,,,08/09/2026 12:28
caa54a4c-5f33-4719-9fa4-e20a6624e192,irritation.graphics,available,22.98,31.98,high,low,10,namecheap,,,
a57bb69d-10fd-4fc9-acd1-a9ee2eb0c751,instore.graphics,available,23.99,23.99,high,low,8,namesilo,,,
0229d363-e504-49dc-a40d-2423fd95a167,influence.graphics,resell,,,high,low,9,"GoDaddy.com, LLC",26/02/2014 07:57,26/02/2027 07:57,08/09/2026 08:44
4fb83fc2-ae40-437a-b84a-21d5baebeacf,hearable.graphics,available,22.98,31.98,medium,low,8,namecheap,,,07/08/2026 16:35
cf632aa2-eb76-40f6-b084-ce2686a6e4b5,pantheist.graphics,available,22.98,31.98,medium,low,9,namecheap,,,05/09/2026 01:06
e0f5b210-79dd-4262-aac6-21e638208f59,ane.graphics,available,22.98,31.98,high,low,3,namecheap,,,
e2c69f8d-4fb7-4e22-830c-db7138df1231,akka.graphics,available,23.99,23.99,high,low,4,namesilo,,,16/09/2026 22:23
ca868b47-2f08-450e-94f5-5114dfcfdea9,overcast.graphics,available,22.98,31.98,high,low,8,namecheap,,,12/08/2026 12:29
279ebd68-7d7c-4eaf-98d2-fe68c184a312,brady.graphics,available,31.99,33.99,high,low,5,name.com,,,25/09/2026 02:15
4f26a125-a959-4c03-ab82-5436cae111ca,bacchanal.graphics,available,22.98,31.98,high,low,9,namecheap,,,08/08/2026 04:14
264d47d8-8bea-49a4-a9ce-a0198588dd1a,playfield.graphics,available,23.99,23.99,high,low,9,namesilo,,,
12a5e100-291f-49c4-b288-68af8242fd08,prolix.graphics,available,22.98,31.98,medium,low,6,namecheap,,,09/09/2026 03:04
2800fad3-958a-4403-b6e4-55b055f64324,under.graphics,available,23.99,23.99,high,low,5,namesilo,,,
2bf7ac79-43e7-468c-8996-62e139a82fa1,croatian.graphics,available,22.98,31.98,high,low,8,namecheap,,,13/08/2026 07:32
dff6db8b-d530-46f6-8998-40cf85b3e256,archduke.graphics,available,22.98,31.98,medium,low,8,namecheap,,,20/09/2026 01:54
1a3c6bcc-47af-42a6-ab29-dc288871cc55,wide.graphics,available,23.99,23.99,high,low,4,namesilo,,,21/09/2026 16:15
08c9da7e-ac04-440e-99a2-cbdeee0b8bc8,baptisia.graphics,available,23.99,23.99,medium,low,8,namesilo,,,22/09/2026 03:24
5893dd82-28d0-423d-82ae-fb7fb776d32f,agreed.graphics,available,23.99,23.99,high,low,6,namesilo,,,21/09/2026 23:21
a06e9947-63ac-4468-8242-322871db665e,glycogen.graphics,available,23.99,23.99,medium,low,8,namesilo,,,19/09/2026 08:46
3a1376fe-5f2c-40a1-a734-5893b92d6524,eighty.graphics,available,22.98,31.98,high,low,6,namecheap,,,
95c6aef2-21a0-4489-a285-f9e95f01593e,supremely.graphics,available,22.98,31.98,medium,low,9,namecheap,,,16/09/2026 07:39
e45ff16d-a079-463f-bff6-c0ac728a1cb6,ambivalence.graphics,available,23.99,23.99,high,low,11,namesilo,,,
7dd55c27-84c5-4e5b-be1e-57e93a3ff929,humdrum.graphics,available,22.98,31.98,medium,low,7,namecheap,,,21/08/2026 15:05
5a994ce3-0916-4fed-b4ff-b1f379bbf281,farsighted.graphics,available,22.98,31.98,high,low,10,namecheap,,,17/08/2026 22:41
a990a4fe-c16b-4ee3-93b6-d319b3d5a8a0,slow.graphics,available,23.99,23.99,high,low,4,namesilo,,,23/09/2026 00:28
ba01c6f3-97c2-44ee-9e89-66c38c28245f,glimpse.graphics,available,23.99,23.99,high,low,7,namesilo,,,24/09/2026 18:42
181c739c-9799-4230-a003-a28529fcfaf5,awl.graphics,available,23.99,23.99,high,low,3,namesilo,,,21/09/2026 10:07
715355d5-492b-4d26-a4c9-df4a0bd03455,became.graphics,available,23.99,23.99,medium,low,6,namesilo,,,
faa635aa-b32b-4b11-8f35-4b1c77b149cf,pedant.graphics,available,22.98,31.98,medium,low,6,namecheap,,,09/09/2026 23:15
f0bfa9c4-8ba8-4d0c-9904-3c6b3fb65f89,surgeon.graphics,available,22.98,31.98,high,low,7,namecheap,,,25/09/2026 23:55
829c3d79-963c-489d-90b4-5b13ff7ee4df,screech.graphics,available,22.98,31.98,high,low,7,namecheap,,,09/09/2026 23:57
c5ba56fe-b757-4974-8518-17dbec5b8a61,profane.graphics,available,22.98,31.98,high,low,7,namecheap,,,10/08/2026 13:22
7cdbdd58-144b-493d-a1eb-7c13bada6db6,mexicans.graphics,available,23.99,23.99,medium,low,8,namesilo,,,18/09/2026 23:08
44353b2f-5694-4884-a55b-e3173f0a784b,andrea.graphics,premium,38.94,38.94,high,low,6,namesilo,,,25/09/2026 13:32
e9140c65-1df5-4733-a26a-0e7ccd3da152,slighting.graphics,available,22.98,31.98,medium,low,9,namecheap,,,09/08/2026 13:15
7f97eb52-162b-4d92-92ef-519d0abd2706,importance.graphics,available,31.98,,high,low,10,namecheap,,,
c3acd497-1413-43f3-82bb-c449b3726912,unstoppable.graphics,available,31.98,,high,low,11,namecheap,,,
f6983c34-60e2-4095-ae92-44a9ee41a0ce,countywide.graphics,available,22.98,31.98,high,low,10,namecheap,,,13/08/2026 03:48
0b7ab659-3d60-4200-8648-c4b63ad2a693,audiotape.graphics,available,22.98,31.98,high,low,9,namecheap,,,21/09/2026 03:01
3be1d9c8-6f43-4859-a12f-406068f1da2e,plenty.graphics,available,22.98,31.98,high,low,6,namecheap,,,17/08/2026 09:49
eb156204-6f0c-4411-b5a1-c7810e05b182,nicky.graphics,available,23.99,23.99,high,low,5,namesilo,,,
8c68c6ce-362a-4c65-a458-0b11bfdf688c,years.graphics,available,31.98,,high,low,5,namecheap,,,
f19d6a64-ac63-46b3-bef1-6d981e7b2dbd,extensive.graphics,available,22.98,31.98,medium,low,9,namecheap,,,
d417c982-5bac-4492-94a9-03863cad5d1d,lang.graphics,available,23.99,23.99,high,low,4,namesilo,,,
6f9b2506-9744-4ae2-a66b-e2a8edaaa1f0,unionized.graphics,available,22.98,31.98,medium,low,9,namecheap,,,03/09/2026 19:29
116998f3-eacf-4e08-a9b0-3032fd94d65d,compositae.graphics,available,23.99,23.99,medium,low,10,namesilo,,,20/09/2026 17:02
4bdb52cd-f080-4412-88c1-26385010d216,happily.graphics,available,23.99,23.99,high,low,7,namesilo,,,
73ee951a-250d-48cb-85ef-14ce28aa7ba8,disharmony.graphics,available,23.99,23.99,medium,low,10,namesilo,,,24/09/2026 22:38
3b7b1ae8-decd-4d72-b1ed-2edcd0447432,inshore.graphics,available,22.98,31.98,medium,low,7,namecheap,,,22/08/2026 06:53
276a91f7-2b8f-4951-99a2-842b6ea01547,upriver.graphics,available,22.98,31.98,medium,low,7,namecheap,,,12/09/2026 23:26
ccf7f5e0-d436-4ece-9719-06fb3aaefe50,hahaha.graphics,available,31.98,,high,low,6,namecheap,,,
20eedfe1-99d7-4aff-af1b-2c1b095ddd7a,suspected.graphics,available,22.98,31.98,medium,low,9,namecheap,,,11/09/2026 04:53
5d7ed04d-a3f9-46e0-a81b-29f237c2e44d,observer.graphics,available,23.99,23.99,high,low,8,namesilo,,,
7581129f-a48d-4c62-973e-60cd034acb66,zarqa.graphics,available,22.98,31.98,high,low,5,namecheap,,,21/09/2026 10:58
e9902a1d-4fe9-436f-8def-783e514160d4,tortured.graphics,available,22.98,31.98,medium,low,8,namecheap,,,
7492ca25-8043-48db-a13c-335f7e2290cd,coppery.graphics,available,22.98,31.98,medium,low,7,namecheap,,,13/08/2026 00:34
32b4ec92-fbf5-46c1-a88f-690c6268dc5b,nipponese.graphics,available,22.98,31.98,medium,low,9,namecheap,,,22/08/2026 12:24
75d0ae78-9973-484c-b151-35b23969e310,airline.graphics,available,23.99,23.99,high,low,7,namesilo,,,
05cc977e-d470-4551-bf24-dfae0998ae0e,orchestrated.graphics,available,23.99,23.99,high,low,12,namesilo,,,16/09/2026 23:12
ebbb7ddf-ce6f-4436-8629-85423e7830ab,bedspread.graphics,available,23.99,23.99,high,low,9,namesilo,,,22/09/2026 22:52
62ac1a8f-8866-4324-bd6c-3711c8800005,zionist.graphics,available,22.98,31.98,high,low,7,namecheap,,,13/09/2026 15:21
bd1ad8ca-f645-4c59-b89f-35066f5ffa0a,senile.graphics,available,22.98,31.98,medium,low,6,namecheap,,,14/08/2026 14:36
0be82baf-05e9-434e-b746-173e1cb6659b,subsurface.graphics,available,22.98,31.98,high,low,10,namecheap,,,11/09/2026 00:52
b6a1a80a-64a4-4c17-84a0-ec64bd501739,tyres.graphics,available,22.98,31.98,medium,low,5,namecheap,,,20/09/2026 19:00
22f2eeae-93c5-4cfb-8d1b-f5f49a07019d,dextrous.graphics,available,22.98,31.98,high,low,8,namecheap,,,13/08/2026 23:53
a6fa8689-c4f6-459c-b630-372d412c0c5e,lenten.graphics,available,22.98,31.98,medium,low,6,namecheap,,,22/08/2026 23:48
95e6aef6-65ac-4ea4-95d3-ef45a0e1688a,real.graphics,resell,,,high,medium,4,Porkbun LLC,15/07/2017 21:27,15/07/2027 21:27,25/09/2026 14:00
3e3adb56-c295-4b8d-8e4e-6fce821b8b9d,yea.graphics,available,23.99,23.99,high,low,3,namesilo,,,16/09/2026 11:48
0a7162ba-e298-4767-95bf-42db8d5b8666,snack.graphics,available,23.99,23.99,high,low,5,namesilo,,,23/09/2026 08:31
cdef22b5-d953-4301-ad73-71a385501525,notched.graphics,available,22.98,31.98,high,low,7,namecheap,,,17/08/2026 12:35
23323862-35ef-4f96-aa28-e1606a547a0a,breakfast.graphics,available,22.98,31.98,high,low,9,namecheap,,,04/09/2026 13:27
70e29c65-beed-490a-bb13-56b0f36fd8c9,anyone.graphics,available,31.98,,medium,low,6,namecheap,,,
ca63948e-1b3f-47ef-b54b-b9e4ff31e5cf,prentice.graphics,available,22.98,31.98,medium,low,8,namecheap,,,19/09/2026 22:19
13f73f4c-d846-41b8-8499-f424aad8cb12,abnegation.graphics,available,23.99,23.99,medium,low,10,namesilo,,,16/09/2026 16:16
d07e52ca-086c-44c0-8474-e4078828158d,corridor.graphics,available,23.99,23.99,high,low,8,namesilo,,,
50af956f-9e2e-4111-8cd6-f1d9c78d353f,luther.graphics,available,23.99,23.99,high,low,6,namesilo,,,25/09/2026 23:29
474e1ef6-55f8-47cc-b22c-47b3e82f1e27,aberdeen.graphics,available,23.99,23.99,high,low,8,namesilo,,,16/09/2026 15:10
e923ed0e-5949-495b-b696-5004fa3a4728,friday.graphics,available,23.99,23.99,high,low,6,namesilo,,,25/09/2026 06:11
ee226114-a6fe-4fdd-a643-6c8fe8870d94,regally.graphics,available,22.98,31.98,medium,low,7,namecheap,,,15/09/2026 22:55
d1962330-d3b9-462c-b42e-46a736b2453a,disturbing.graphics,available,22.98,31.98,medium,low,10,namecheap,,,14/08/2026 13:16
12d6fcba-02aa-4b00-b9dd-e4fd00d5741b,packaged.graphics,available,22.98,31.98,high,low,8,namecheap,,,04/09/2026 22:44
85d09a36-60c7-43df-a842-788ee89b2e91,scrubbed.graphics,available,23.99,23.99,high,low,8,namesilo,,,
8ca10f08-ce68-440e-869b-ff759477338a,titulary.graphics,available,22.98,31.98,medium,low,8,namecheap,,,11/09/2026 16:34
f411509c-60ee-48f4-91c6-f85644a6e39d,syndrome.graphics,available,31.98,,medium,low,8,namecheap,,,
7a3d039d-adfa-495e-b302-41f9ac22e20a,deepen.graphics,available,22.98,31.98,high,low,6,namecheap,,,12/08/2026 19:32
da6733ef-4938-46ce-a603-509823f3acfc,tastes.graphics,available,22.98,31.98,medium,low,6,namecheap,,,19/09/2026 00:38
b1b166ee-3482-4786-895c-5bb794606afb,thumbs.graphics,available,23.99,23.99,medium,low,6,namesilo,,,18/09/2026 14:13
25f4c302-dbdc-499a-bd2f-85eb9405bb73,sunhat.graphics,available,31.98,,high,low,6,namecheap,,,
051c72be-2f1f-4dac-819b-98d949a15f38,gum.graphics,premium,118.8,118.8,high,low,3,namesilo,,,24/09/2026 14:25
4cd8cfe2-2177-43c7-a1a2-ba4b99c5e3fd,press.graphics,premium,118.8,118.8,high,low,5,namesilo,,,25/09/2026 11:18
f3aa1cbb-9094-4bba-8b8f-e86ec9196f86,aerate.graphics,available,22.98,31.98,high,low,6,namecheap,,,17/09/2026 21:35
49b03bb2-fa16-434f-b8be-4b6d534d7d9b,rebecca.graphics,premium,38.94,38.94,high,low,7,namesilo,,,25/09/2026 10:16
1e2ec6f3-70d4-452d-90bc-d06056b64d1a,limits.graphics,available,23.99,23.99,medium,low,6,namesilo,,,18/09/2026 15:06
f0cec5f6-2657-4747-8b93-2f458019be32,potentiality.graphics,available,23.99,23.99,high,low,12,namesilo,,,
d99aa5ec-6b2c-4471-a320-a9705ef587bd,well.graphics,available,23.99,23.99,high,low,4,namesilo,,,24/09/2026 22:39
27dc2c13-9610-4693-a844-c372a72ea0a2,blasted.graphics,available,22.98,31.98,medium,low,7,namecheap,,,10/08/2026 12:35
94633b93-e0ca-4b25-afc6-79098bb65cab,baboon.graphics,available,23.99,23.99,high,low,6,namesilo,,,21/09/2026 12:58
da6f07c0-fa04-4c9a-95bd-7e3d58e3d9d0,cucumbers.graphics,available,23.99,23.99,high,low,9,namesilo,,,20/09/2026 10:05
146e237c-0ce1-4efd-bc21-e82b469cb308,started.graphics,available,23.99,23.99,medium,low,7,namesilo,,,18/09/2026 11:27
072aa5e2-b14a-4634-938a-8454486f8d7b,fop.graphics,available,31.99,33.99,high,low,3,name.com,,,13/08/2026 17:09
3d88305f-e9d5-469b-acf4-8bfb2bf3ebc6,access.graphics,available,23.99,23.99,high,medium,6,namesilo,,,19/09/2026 12:18
7b5f9d55-b4fa-4c92-95f3-d46068ec22f7,deity.graphics,available,22.98,31.98,high,low,5,namecheap,,,24/09/2026 21:23
a6117a96-1104-4e33-a6cd-247f401fe2b3,truster.graphics,available,23.99,23.99,high,low,7,namesilo,,,23/09/2026 05:14
db319b98-3a48-4fb9-b9dc-26900f27a836,seawards.graphics,available,22.98,31.98,medium,low,8,namecheap,,,10/09/2026 01:02
7db23106-19e8-4522-94fb-293a45218a3a,knower.graphics,available,23.99,23.99,medium,low,6,namesilo,,,19/09/2026 22:14
4248beec-c28c-4b89-9cf9-d96aaf38afcd,unlike.graphics,available,23.99,23.99,high,low,6,namesilo,,,
056e829a-f2d1-4c78-94d8-1002189717bd,afford.graphics,available,23.99,23.99,high,low,6,namesilo,,,25/09/2026 11:07
9e2114ac-0d07-4b31-97d8-cf3badee9b8b,lineage.graphics,available,22.98,31.98,high,low,7,namecheap,,,08/09/2026 13:04
86e92118-595d-4e96-b5f8-d489dfbae4af,positional.graphics,available,22.98,31.98,high,low,10,namecheap,,,09/09/2026 00:06
2520d8f3-9436-4aac-8882-1fb2319a9bcb,folder.graphics,available,31.98,,high,low,6,namecheap,,,
368e451b-874c-49f6-ac03-950df3b9d29d,dorothy.graphics,premium,38.94,38.94,high,low,7,namesilo,,,25/09/2026 14:18
3f3a1f92-0ca7-49c6-8d89-162a19b2e3f3,acervulus.graphics,available,22.98,31.98,medium,low,9,namecheap,,,16/09/2026 23:44
17c21c60-aa25-4ee8-ab24-c9c1893de632,theist.graphics,available,22.98,31.98,medium,low,6,namecheap,,,11/09/2026 12:37
318f975f-268e-4c82-b925-d250370a8b3a,hemp.graphics,available,23.99,23.99,high,low,4,namesilo,,,24/09/2026 12:04
24f5bc49-e870-46ea-8628-5fe79e85d9b1,wedded.graphics,available,22.98,31.98,high,low,6,namecheap,,,13/09/2026 09:30
e516563a-2143-4092-bcb4-033f5bddf42d,psychologist.graphics,available,31.98,,high,low,12,namecheap,,,
e3472623-96bc-4aa1-bd6d-761860fdca46,pushup.graphics,available,31.98,,high,low,7,namecheap,,,
280c94a8-ebe4-4c1c-9cbd-08ee79dfe70c,posted.graphics,available,22.98,31.98,high,low,6,namecheap,,,09/09/2026 00:21
a6761b16-078c-470c-8b9b-f28207f8a363,murray.graphics,available,23.99,23.99,high,low,6,namesilo,,,25/09/2026 22:54
7d975283-f5aa-496c-8489-00cabe7d4254,busty.graphics,available,22.98,31.98,high,low,5,namecheap,,,10/08/2026 20:26
955f2c3c-1dcc-4380-bd61-3fffb0d60f10,sewn.graphics,available,22.98,31.98,medium,low,4,namecheap,,,10/09/2026 05:07
dbec3df6-1984-4545-bd2d-c0327a565572,appear.graphics,available,23.99,23.99,high,low,6,namesilo,,,
f5ed525c-1521-4095-a1f0-01d0467b2c22,bratty.graphics,available,22.98,31.98,medium,low,6,namecheap,,,11/08/2026 02:37
52ac203d-1cfb-49b8-a311-7f8547712fa9,unsworn.graphics,available,22.98,31.98,medium,low,7,namecheap,,,12/09/2026 20:53
b1b393c0-7e37-4928-b678-5445a26f19b5,cacophonic.graphics,available,22.98,31.98,low,low,10,namecheap,,,11/08/2026 12:33
bd44bb61-6970-431f-afe0-597b3e7b1d33,crazily.graphics,available,22.98,31.98,medium,low,7,namecheap,,,14/09/2026 09:15
0cd71c32-27f8-4bfb-abce-0c99dd3ac8f0,woolly.graphics,available,22.98,31.98,high,low,6,namecheap,,,18/08/2026 08:40
dd8a23d4-dfbf-4c1f-b6d6-50a02f93c564,scramble.graphics,available,23.99,23.99,high,low,8,namesilo,,,24/09/2026 15:13
2ae221bc-af13-4119-ad89-977c82942420,italian.graphics,available,22.98,31.98,high,low,7,namecheap,,,22/08/2026 11:36
13fa9aeb-49e2-420d-9408-8409e80dfe5a,millions.graphics,available,31.99,33.99,medium,low,8,name.com,,,25/09/2026 20:31
4e25b540-88ba-45f7-878c-bed5533a4d1e,crushed.graphics,available,22.98,31.98,high,low,7,namecheap,,,13/08/2026 09:11
48a9643f-da33-4f95-b4eb-277dd5875aec,equestrian.graphics,available,22.98,31.98,high,low,10,namecheap,,,17/08/2026 11:42
7b7a5bb2-b68c-4ce4-a6e0-a27a3d8ea60a,view.graphics,premium,23.99,23.99,high,low,4,namesilo,,,
94246d53-42a8-44df-a49d-9f3de72c8e13,crane.graphics,available,22.98,31.98,high,low,5,namecheap,,,24/09/2026 19:02
1b039ea4-ec61-4899-9e2d-e072b4b278ec,subway.graphics,available,23.99,23.99,high,low,6,namesilo,,,25/09/2026 23:41
7dc8b12e-cdc2-49fa-b191-4ba9107b2d9a,dismissive.graphics,available,22.98,31.98,medium,low,10,namecheap,,,14/08/2026 11:49
e8a2949f-0ded-4c7f-843c-cb4de3bec8a9,colombo.graphics,available,23.99,23.99,high,low,7,namesilo,,,
43f49df3-ff33-4df8-92f3-459f11eaa323,bitok.graphics,available,23.99,23.99,medium,low,5,namesilo,,,23/09/2026 22:40
a5608609-a9c1-4343-90f4-a8a2d2bf6eea,unnoted.graphics,available,22.98,31.98,medium,low,7,namecheap,,,04/09/2026 21:08
eaff3635-93d2-40df-a2d6-4b13fe938878,lindsey.graphics,available,22.98,31.98,high,low,7,namecheap,,,25/09/2026 19:35
eb970a92-3891-4bc5-904d-f8efcf5851ef,afro.graphics,available,23.99,23.99,high,low,4,namesilo,,,17/09/2026 15:30
c2863fa6-36f7-4f35-9964-9f91434e0add,blowzy.graphics,available,22.98,31.98,medium,low,6,namecheap,,,10/08/2026 15:41
4d47ac1a-8859-4aab-972c-a2626bc58a66,grassy.graphics,available,22.98,31.98,high,low,6,namecheap,,,20/08/2026 18:20
69c98024-50d0-4178-bab6-d3e04b738250,lysogenic.graphics,available,22.98,31.98,medium,low,9,namecheap,,,24/08/2026 12:42
f6a21377-1b8b-45f6-8a77-2ca673eb337a,migrator.graphics,available,22.98,31.98,medium,low,8,namecheap,,,24/08/2026 22:51
83d661e9-5650-428b-96a2-b3a322f2ac1f,amulet.graphics,available,22.98,31.98,high,low,6,namecheap,,,19/09/2026 00:10
dd28e04e-8a0f-4e2c-a7fc-62cebc985605,viciously.graphics,available,22.98,31.98,medium,low,9,namecheap,,,14/09/2026 01:35
578b28fa-4b69-47ce-a2be-536edc6fe3d2,sites.graphics,available,22.98,31.98,high,low,5,namecheap,,,18/09/2026 21:00
657304d0-09c5-403c-a5ef-5edd93f463fc,adaxial.graphics,available,22.98,31.98,medium,low,7,namecheap,,,
fb839739-2dfb-44d9-8bf5-5a0bcc6fe606,unkept.graphics,available,22.98,31.98,medium,low,6,namecheap,,,12/09/2026 14:09
3de9eea0-2dab-4a47-aae3-de7df7e6965a,drove.graphics,available,23.99,23.99,high,low,5,namesilo,,,25/09/2026 22:29
df24f581-de0d-4205-85ff-bca16ce79f95,napoleonic.graphics,available,22.98,31.98,medium,low,10,namecheap,,,03/09/2026 13:00
905e2de4-22b0-4948-93e7-448a7461bb7d,hormonal.graphics,available,22.98,31.98,medium,low,8,namecheap,,,21/08/2026 14:02
38fc9e9f-6308-4f4f-ae37-041d28e20983,smartest.graphics,available,22.98,31.98,high,low,8,namecheap,,,20/09/2026 22:26
1693d83f-8cb9-4a73-8341-680ece68c61f,jackie.graphics,available,23.99,23.99,high,low,6,namesilo,,,25/09/2026 13:22
fad21235-be9f-4561-bfc4-26b79dab6dad,blending.graphics,available,23.99,23.99,high,low,8,namesilo,,,24/09/2026 05:51
5da6650f-6b50-43b4-98db-5495417e4afc,wrinkly.graphics,available,22.98,31.98,medium,low,7,namecheap,,,13/09/2026 13:47
4636e960-425a-44bd-bc13-65036d7b1f72,cytolytic.graphics,available,31.99,33.99,medium,low,9,name.com,,,13/08/2026 14:42
9b035a18-a866-4e66-85ef-d8b9002756fc,lxxxvi.graphics,available,22.98,31.98,medium,low,6,namecheap,,,
73b02c12-6a11-44b0-9981-a5ed866537b7,hunger.graphics,available,23.99,23.99,high,low,6,namesilo,,,
b55260d0-39f7-4f7e-9602-e0e2665d8c85,unintended.graphics,available,22.98,31.98,medium,low,10,namecheap,,,12/09/2026 13:30
ece51c29-79bf-45fa-ae34-85e90c79597c,economy.graphics,available,22.98,31.98,high,low,7,namecheap,,,08/09/2026 12:29
39576421-b2d9-44cf-8d5d-2db7ccccf8a1,androgenic.graphics,available,22.98,31.98,medium,low,10,namecheap,,,
12d2a39b-13d9-4804-9911-855e6238d60b,megascopic.graphics,available,22.98,31.98,medium,low,10,namecheap,,,24/08/2026 19:26
326fa032-3475-46b7-b941-534a7a8ac7be,eva.graphics,available,23.99,23.99,high,medium,3,namesilo,,,25/09/2026 14:38
32a1bd4e-4213-413c-9df0-b8cc1f65ebc9,baseball.graphics,premium,118.8,118.8,high,low,8,namesilo,,,
8a70fc06-1891-4a12-a194-4eff901bbe41,collection.graphics,available,22.98,31.98,high,low,10,namecheap,,,24/09/2026 17:31
2cce0acd-a6b3-46ce-9a5d-1280497c1cdc,rimless.graphics,available,22.98,31.98,medium,low,7,namecheap,,,09/09/2026 17:43
0d29bf27-0cef-4c02-80dd-8b30001b99ee,obstructed.graphics,available,22.98,31.98,medium,low,10,namecheap,,,04/09/2026 00:05
d7bdca65-8ea9-4ee2-8707-2da752052d48,sucks.graphics,available,23.99,23.99,medium,low,5,namesilo,,,18/09/2026 11:29
21c3efdc-1100-4c70-a6f1-04e8937edd8e,storms.graphics,available,23.99,23.99,medium,low,6,namesilo,,,17/09/2026 15:55
94ddcdba-194e-4ea6-a91d-4928aa74664e,crook.graphics,available,22.98,31.98,medium,low,5,namecheap,,,13/08/2026 06:27
30ee9ce3-2116-4a9c-b251-d33e025179d9,jumped.graphics,available,23.99,23.99,medium,low,6,namesilo,,,25/09/2026 19:41
08f68187-87e0-4c4a-ba71-cb6d6ae848d4,whispered.graphics,available,22.98,31.98,high,low,9,namecheap,,,13/09/2026 11:35
7a33367e-2b48-470d-9171-2422e9f60cfa,delicacy.graphics,available,31.99,33.99,high,low,8,name.com,,,13/08/2026 15:51
bd02be51-86f4-47f1-9087-14c7921ff686,eruption.graphics,available,31.99,33.99,high,low,8,name.com,,,24/09/2026 15:18
2f246f06-29cd-43c5-98b5-2262c1e9dee0,siri.graphics,available,,,high,high,4,,,,
305b1e52-864e-4e47-b4e8-8ebf5dae1cff,capsulate.graphics,available,22.98,31.98,medium,low,9,namecheap,,,11/08/2026 18:10
92356d97-0f2a-492f-adf9-56ded68426d8,jaded.graphics,available,22.98,31.98,high,low,5,namecheap,,,22/08/2026 11:58
bd9656fa-3fb1-4501-90b2-2cc99c2aa0cb,fcc.graphics,available,23.99,23.99,high,low,3,namesilo,,,25/09/2026 05:53
ca1807f8-6bc6-42b5-88d7-a0b5e993e238,bean.graphics,available,23.99,23.99,high,low,4,namesilo,,,
585f06db-b082-4b05-aa43-45c967e4359a,fisher.graphics,premium,118.8,118.8,high,low,6,namesilo,,,24/09/2026 00:24
2f3b4c8d-a9d5-4e17-b067-453786ccb31e,gluttonous.graphics,available,22.98,31.98,medium,low,10,namecheap,,,20/08/2026 15:32
85fac308-92f5-449f-876b-b2cd0ec7089e,nosed.graphics,available,22.98,31.98,medium,low,5,namecheap,,,03/09/2026 21:45
2e42a916-4d97-4edb-b0c7-084cac33ff50,undaunted.graphics,available,22.98,31.98,high,low,9,namecheap,,,12/09/2026 07:00
2b395434-c701-4aab-a4b4-5f62e6f1d2bd,aback.graphics,available,22.98,31.98,high,low,5,namecheap,,,13/09/2026 16:07
37069007-90d1-4717-b32f-d1f7f54bb4b2,rustic.graphics,available,22.98,31.98,high,low,6,namecheap,,,
47185943-fc20-4dee-923a-fd2721ac2808,baeda.graphics,available,22.98,31.98,medium,low,5,namecheap,,,21/09/2026 17:19
6e35be91-5e42-42d6-b70e-10f102738b6a,barrio.graphics,available,23.99,23.99,medium,low,6,namesilo,,,22/09/2026 08:38
87c7d153-7ac1-4da4-93d5-0e99d25ebfe1,scads.graphics,available,22.98,31.98,high,low,5,namecheap,,,14/09/2026 23:36
c1cf7639-6dfe-42be-ae73-338e57deace3,peninsular.graphics,available,22.98,31.98,high,low,10,namecheap,,,08/09/2026 14:28
b83a2fc1-adab-49f5-b420-55e5a31a8afc,amd.graphics,premium,118.8,118.8,high,low,3,namesilo,,,17/09/2026 16:44
eb3e341c-c441-4626-947d-7f4cc4d1c234,rectify.graphics,available,23.99,23.99,high,low,7,namesilo,,,23/09/2026 23:41
632ab39e-1b0f-49d2-a582-bd3d4f39dc7b,mercenary.graphics,available,22.98,31.98,high,low,9,namecheap,,,24/08/2026 17:14
77986dd1-863b-4521-89d2-9772e2ab4007,multiform.graphics,available,22.98,31.98,high,low,9,namecheap,,,03/09/2026 10:41
c2608a47-aa3a-4bfa-b4dd-32f4c8f2e407,ranch.graphics,available,23.99,23.99,high,low,5,namesilo,,,25/09/2026 22:09
afd55959-84f5-45b3-8406-c4224d70ac0c,customize.graphics,available,23.99,23.99,high,low,9,namesilo,,,
55887e16-061b-4143-9450-746e94badf03,nobleman.graphics,available,22.98,31.98,high,low,8,namecheap,,,03/09/2026 18:00
d3c4ad06-9d13-4fea-bca8-225a9d96b1b0,coins.graphics,available,23.99,23.99,high,medium,5,namesilo,,,16/09/2026 08:35
0c5ffc0d-4de9-47ba-a24c-af87db4b82af,unlit.graphics,available,22.98,31.98,medium,low,5,namecheap,,,12/09/2026 13:03
16dc677d-2c13-4acc-9a15-58833ca35cc3,artemisia.graphics,available,22.98,31.98,high,low,9,namecheap,,,20/09/2026 10:15
946e0608-695b-48b3-b648-fd03e8ff6d08,unsightly.graphics,available,22.98,31.98,medium,low,9,namecheap,,,12/09/2026 19:53
1ffe6b24-f0b5-4d40-a080-68c01ea78d79,puku.graphics,available,22.98,31.98,medium,low,4,namecheap,,,17/09/2026 07:35
fa06a58f-50c8-4eee-a62e-7e48e073f676,seconds.graphics,available,23.99,23.99,high,low,7,namesilo,,,25/09/2026 18:47
3c1310b2-9bb0-40f6-9a9f-c7c2aa9502f6,buttocks.graphics,available,22.98,31.98,medium,low,8,namecheap,,,09/08/2026 10:25
fa0a45af-5f21-44ed-92ce-7e0624b3c8ad,tux.graphics,premium,118.8,118.8,high,low,3,namesilo,,,24/09/2026 01:52
013e4ef1-59a4-4f75-90ed-fdd984869aed,crazed.graphics,available,22.98,31.98,medium,low,6,namecheap,,,13/08/2026 05:31
e4a3643c-11bf-4342-ba77-a853a39dece0,adapted.graphics,available,23.99,23.99,high,low,7,namesilo,,,21/09/2026 17:02
ee8c94e7-6859-468d-af0f-aa2c8d60f6f0,intimacy.graphics,available,22.98,31.98,high,low,8,namecheap,,,17/09/2026 14:02
e738e478-ae2b-457c-99bc-1379c1cf45d6,creates.graphics,available,22.98,31.98,high,low,7,namecheap,,,25/09/2026 23:26
960c1d2b-23ce-422e-9c0b-a42faca5e668,assembler.graphics,available,22.98,31.98,high,low,9,namecheap,,,20/09/2026 16:01
ef3edc6b-6f9a-4063-8f14-9041b326267d,unsure.graphics,available,22.98,31.98,medium,low,6,namecheap,,,22/08/2026 01:08
e679c3a4-0225-4272-85a8-b4a0fd5d7282,somnolent.graphics,available,22.98,31.98,medium,low,9,namecheap,,,10/09/2026 11:38
6b27bdef-a765-4c5c-9dcb-9f67adf6c1f1,anzio.graphics,available,23.99,23.99,medium,low,5,namesilo,,,19/09/2026 16:01
fbf71330-4117-45a8-9521-6c1634f11503,bayou.graphics,available,22.98,31.98,high,low,5,namecheap,,,22/09/2026 18:09
c6d71d28-2e33-4e76-a6bb-64d70b1b01b9,illumine.graphics,available,22.98,31.98,high,low,8,namecheap,,,08/09/2026 04:54
695fd9d7-55f1-4465-87b3-2652e7597f8f,esthetics.graphics,available,22.98,31.98,high,low,9,namecheap,,,17/09/2026 13:38
e2f02cb5-60f1-4752-8a35-289601e16128,quieten.graphics,available,22.98,31.98,medium,low,7,namecheap,,,11/08/2026 15:02
f611fb40-ee22-40f2-8a9f-f7548fb93d54,venomed.graphics,available,22.98,31.98,medium,low,7,namecheap,,,13/09/2026 02:06
489c2d1b-bea9-48a7-b711-9faff8de3ded,berth.graphics,available,23.99,23.99,high,low,5,namesilo,,,23/09/2026 10:13
7a52f376-149b-4563-afd9-77e17a3c2476,wristband.graphics,available,23.99,23.99,high,low,9,namesilo,,,24/09/2026 07:49
091e7483-ee2e-428e-b5c9-cf4940650679,rushing.graphics,available,31.98,,high,low,7,namecheap,,,
b9dc6fc0-0fcb-47fe-9c9e-007a6f8456fb,zapotec.graphics,available,22.98,31.98,high,low,7,namecheap,,,13/09/2026 15:07
1e27134c-d9b7-4fbc-8210-99e5166a9a31,recusant.graphics,available,22.98,31.98,medium,low,8,namecheap,,,14/08/2026 12:28
e9c97220-6633-4eca-bd8e-08c66d900012,tethys.graphics,available,22.98,31.98,medium,low,6,namecheap,,,19/09/2026 17:56
70a9afed-50a5-4a91-8be9-6126c9f1ba4e,craven.graphics,available,22.98,31.98,medium,low,6,namecheap,,,13/08/2026 05:27
fd0e121a-7703-43ce-8c0b-a9b5cd9f3598,soundlike.graphics,available,23.99,23.99,low,low,10,namesilo,,,
ee9e17a2-f45b-42db-9502-e3f6d0d1381f,gallium.graphics,available,23.99,23.99,high,low,7,namesilo,,,20/09/2026 22:50
ec889379-3f2e-4259-851d-be7ec04b920c,mistakes.graphics,available,23.99,23.99,medium,low,8,namesilo,,,16/09/2026 10:20
8fef792c-7c61-47d1-8403-dca1cf8a4cde,propranolol.graphics,available,23.99,23.99,high,low,11,namesilo,,,20/09/2026 00:29
58fc7b64-3360-477f-9bc8-a700a89a3f92,orphaned.graphics,available,22.98,31.98,medium,low,8,namecheap,,,04/09/2026 18:01
f61c8440-a446-42d6-865e-ab0c202da1c2,apophthegm.graphics,available,23.99,23.99,medium,low,10,namesilo,,,19/09/2026 17:11
a6222a82-9170-467f-93b1-bba00a04cdaf,whirring.graphics,available,22.98,31.98,medium,low,8,namecheap,,,13/09/2026 11:28
20f29a33-8599-4592-9cc0-ca841721bb27,abstractor.graphics,available,22.98,31.98,high,low,10,namecheap,,,16/09/2026 18:29
5d1eb044-99a8-4f10-b6ab-f7753f68947b,amyl.graphics,available,23.99,23.99,medium,low,4,namesilo,,,19/09/2026 00:29
06a66ecb-13f8-4f50-b937-2aaa81231bad,backless.graphics,available,22.98,31.98,medium,low,8,namecheap,,,08/08/2026 05:48
d4a5ca01-0c01-4dc0-b592-094260611aee,footwear.graphics,available,23.99,23.99,high,low,8,namesilo,,,24/09/2026 02:34
7ea8ba1b-f67b-4118-8fc7-05913b8a10a2,implacable.graphics,available,22.98,31.98,medium,low,10,namecheap,,,21/08/2026 22:31
5d5061d3-844d-40da-a151-55bc183a562e,bull.graphics,available,23.99,23.99,high,low,4,namesilo,,,
643c1446-cfb4-4421-8186-e1c129b1ed62,removed.graphics,available,23.99,23.99,high,low,7,namesilo,,,26/09/2026 00:50
b7810812-a2f5-4604-8219-22a960f5d795,arnold.graphics,resell,,,high,low,6,Cronon GmbH,02/05/2015 10:25,02/05/2027 10:25,26/09/2026 04:01
3693d10f-08a8-4414-87de-ecf4bb506f9f,grizzled.graphics,available,22.98,31.98,medium,low,8,namecheap,,,20/08/2026 20:11
ce36aa25-4a80-425a-b201-8473d1dcb207,milne.graphics,available,23.99,23.99,medium,low,5,namesilo,,,16/09/2026 12:53
27cfa6c0-7c19-45a6-bb58-da689ae401a6,corregidor.graphics,available,23.99,23.99,medium,low,10,namesilo,,,22/09/2026 13:13
94534f2d-87d3-4b2e-ab18-8804f4b9fb0b,navarino.graphics,available,23.99,23.99,medium,low,8,namesilo,,,22/09/2026 15:32
454333d5-0b2e-4fe0-967a-fd1e99e21283,secular.graphics,available,22.98,31.98,medium,low,7,namecheap,,,22/08/2026 18:49
27b1ef56-040e-4b34-86be-1edf159615d0,grievous.graphics,available,22.98,31.98,medium,low,8,namecheap,,,07/08/2026 14:41
bc6a2f60-99c6-4b5b-b36b-c1269b1197af,inventor.graphics,available,23.99,23.99,high,low,8,namesilo,,,20/09/2026 11:36
9a658166-340d-4a02-8ef9-cbf442752829,scaley.graphics,available,22.98,31.98,medium,low,6,namecheap,,,09/09/2026 22:18
e43cd3a1-802e-4eba-8f94-3e7c480f40ec,alcoholics.graphics,available,23.99,23.99,low,low,10,namesilo,,,18/09/2026 22:27
7c68611c-3359-4c6b-8a0b-b16623f18cae,nicki.graphics,available,23.99,23.99,high,low,5,namesilo,,,
5000756e-1699-4b0c-8236-f3dde969f9bb,ruth.graphics,available,23.99,23.99,high,low,4,namesilo,,,21/09/2026 12:34
4b3681e5-20bb-4720-b407-8ba174b80524,sudsy.graphics,available,22.98,31.98,medium,low,5,namecheap,,,22/08/2026 20:37
13b7b8a7-b80d-4b47-a225-72d7892c56a5,bailment.graphics,available,22.98,31.98,medium,low,8,namecheap,,,21/09/2026 19:09
f3a882f1-5421-4e97-b099-4e40c70d4e53,hone.graphics,available,22.98,31.98,high,low,4,namecheap,,,08/09/2026 16:29
cd684544-a1c9-4761-90e4-5967ba2750fa,nobly.graphics,available,22.98,31.98,medium,low,5,namecheap,,,15/09/2026 16:42
092fab15-c0c3-4cc3-a60b-7fdcdd399293,stubby.graphics,available,22.98,31.98,high,low,6,namecheap,,,10/09/2026 22:56
e91fb6d5-ec7b-42da-86de-8950bbc8e7d9,inhuman.graphics,available,22.98,31.98,medium,low,7,namecheap,,,12/08/2026 16:25
c38d4228-016f-4b29-b1df-30928f38364a,fourfold.graphics,available,22.98,31.98,high,low,8,namecheap,,,18/08/2026 13:28
035e2b95-2367-4a3a-94f6-8c34b218eb8e,overage.graphics,available,22.98,31.98,high,low,7,namecheap,,,04/09/2026 19:59
484eee14-2b42-400e-8f45-f33cebb068ba,shut.graphics,available,22.98,31.98,high,low,4,namecheap,,,12/08/2026 12:10
9c40cf75-05d6-4202-8cbd-234ce09d7163,astacus.graphics,available,23.99,23.99,medium,low,7,namesilo,,,20/09/2026 16:51
daf04ba6-671d-4515-9a7d-ce0e26394086,ankylosaur.graphics,available,23.99,23.99,medium,low,10,namesilo,,,19/09/2026 09:52
18a1ceed-4c59-4da0-89bf-3d66ed21d960,bleeder.graphics,available,23.99,23.99,medium,low,7,namesilo,,,24/09/2026 05:24
f5e5d08c-0062-4ca4-935a-5a185c26b8ab,ataraxis.graphics,available,23.99,23.99,medium,low,8,namesilo,,,20/09/2026 19:42
6fd3a5b9-2484-4b88-941d-f83daf90a332,baboo.graphics,available,23.99,23.99,high,low,5,namesilo,,,21/09/2026 12:51
d7366d9a-03d6-4169-bc34-b1ba2b09b99f,aphelion.graphics,available,23.99,23.99,medium,low,8,namesilo,,,19/09/2026 16:55
1f7fb534-a56c-4e58-9525-4462ae418d50,activating.graphics,available,22.98,31.98,high,low,10,namecheap,,,
ed756968-fa38-465e-ad70-a4b03bc3729c,psalms.graphics,available,22.98,31.98,high,low,6,namecheap,,,24/09/2026 07:04
181fd7e9-76a7-4edf-a450-021c8ea64fee,exterior.graphics,available,22.98,31.98,high,low,8,namecheap,,,17/08/2026 19:05
ef54a28b-10b6-4f6a-bd65-70b73b042a86,state.graphics,available,,,high,medium,5,,,,
1edf5cd8-e3d0-42ae-8d36-b0dddce26e77,oars.graphics,available,22.98,31.98,medium,low,4,namecheap,,,18/09/2026 11:47
2f39a6cd-b732-4934-9727-40d337ef96ac,fairish.graphics,available,22.98,31.98,medium,low,7,namecheap,,,17/08/2026 21:12
4ce26c11-1597-49c7-80dd-5730c95d28db,malevolent.graphics,available,22.98,31.98,medium,low,10,namecheap,,,24/08/2026 13:52
b9704fe7-ea2c-485b-9856-f980f2249f21,norris.graphics,available,23.99,23.99,high,low,6,namesilo,,,23/09/2026 08:18
541fa382-725f-476e-be15-a42825c37fb0,amir.graphics,available,22.98,31.98,high,low,4,namecheap,,,18/09/2026 17:58
a9524c32-9459-44cb-8af1-096823a04a9e,absolution.graphics,available,22.98,31.98,high,low,10,namecheap,,,16/09/2026 17:57
73e96776-a8e6-40d0-86df-5b01cffefd2b,headless.graphics,available,22.98,31.98,medium,low,8,namecheap,,,11/08/2026 01:43
c71789ee-1cf5-4ea8-869e-f3a7d620ef53,cannes.graphics,available,31.99,33.99,high,low,6,name.com,,,24/09/2026 12:04
71060722-d704-426d-914d-cb6723968dc9,scarcely.graphics,available,22.98,31.98,medium,low,8,namecheap,,,09/09/2026 22:55
584f0857-66dc-49bd-bd69-49c99d46456d,verifiable.graphics,available,22.98,31.98,high,low,10,namecheap,,,12/08/2026 20:51
2719fd9a-2038-4daf-a6b0-ffbb1be901b8,extends.graphics,available,23.99,23.99,medium,low,7,namesilo,,,18/09/2026 17:32
e07b3468-b687-4bf6-b298-0aa8a1ff789e,intimal.graphics,available,22.98,31.98,medium,low,7,namecheap,,,22/08/2026 08:28
88c5c94e-2694-4cd7-9990-cb2a151ca85e,spiritless.graphics,available,22.98,31.98,medium,low,10,namecheap,,,10/09/2026 15:54
72d6805e-c208-415d-b11e-8acf54954808,coed.graphics,available,22.98,31.98,medium,low,5,namecheap,,,12/08/2026 13:16
9ca97120-3208-4546-946a-d86f2238e773,informal.graphics,available,23.99,23.99,high,low,8,namesilo,,,25/09/2026 09:31
2b789944-cb1e-4263-bf79-79b044094444,miao.graphics,available,22.98,31.98,high,low,4,namecheap,,,21/08/2026 10:03
776ab10b-622f-41d4-ab6b-e0fd9569b379,psychology.graphics,available,23.99,23.99,high,low,10,namesilo,,,
a6778d5e-4063-4f15-95ee-bd9ad941d00b,gerard.graphics,available,23.99,23.99,medium,low,6,namesilo,,,25/09/2026 13:17
37d90982-37ec-4b58-8d2c-a622b5b9bd86,foodie.graphics,available,22.98,31.98,high,low,6,namecheap,,,17/08/2026 10:47
9285fa9b-2522-4a22-8a7e-cc4ead639319,malicious.graphics,available,22.98,31.98,high,low,9,namecheap,,,24/08/2026 14:02
cd30120e-e256-44e4-ba5e-490ad9ecfca9,academics.graphics,available,23.99,23.99,high,low,9,namesilo,,,24/09/2026 02:34
ded210cf-ea06-4744-8c9b-c6cf422e5b4e,namibian.graphics,available,22.98,31.98,high,low,8,namecheap,,,03/09/2026 12:58
a2dcc438-9c4d-40c9-b341-f7ea415584c2,cyril.graphics,available,22.98,31.98,high,low,5,namecheap,,,25/09/2026 04:29
3aee5d28-bfc6-4ae6-9484-d71d02952a27,tks.graphics,available,23.99,23.99,high,low,3,namesilo,,,
7422aacd-c211-49c9-a946-1d56ce50489e,apios.graphics,available,23.99,23.99,medium,low,5,namesilo,,,19/09/2026 17:25
51ed0f20-fcbe-4b58-8564-b931fa9acde2,horses.graphics,available,31.99,33.99,medium,low,6,name.com,,,17/09/2026 09:06
9bb0ba90-20c7-479f-9bbe-e0db126cac7d,humphrey.graphics,available,22.98,31.98,high,low,8,namecheap,,,25/09/2026 14:49
5205590b-1b86-4dae-a39c-7c5f61b5727a,laborer.graphics,available,23.99,23.99,high,low,7,namesilo,,,
69533e02-74e1-4734-9774-9992c872a192,evaluate.graphics,available,23.99,23.99,high,low,8,namesilo,,,
00a06b0d-3d8b-4ad8-a010-84148d454607,dominoes.graphics,available,23.99,23.99,high,low,8,namesilo,,,24/09/2026 23:28
23a44a9d-71b6-437a-a10b-ee826fbc1a79,blithesome.graphics,available,22.98,31.98,high,low,10,namecheap,,,10/08/2026 14:39
8d609360-1e62-494a-836e-a8cc87ac6337,reverent.graphics,available,22.98,31.98,high,low,8,namecheap,,,20/08/2026 16:08
9e9c44e5-20f3-4d0d-89d8-a6c63c24b441,covariant.graphics,available,22.98,31.98,medium,low,9,namecheap,,,13/08/2026 04:05
04252719-036e-47bd-9f6c-bcda0233ad24,cadillac.graphics,available,23.99,23.99,high,low,8,namesilo,,,
f01e115c-640c-44ec-bba8-332a1b140ff1,transcript.graphics,available,23.99,23.99,high,low,10,namesilo,,,25/09/2026 22:18
7dca9bf5-3d54-4c99-9218-c13ad134270e,abactinal.graphics,available,22.98,31.98,medium,low,9,namecheap,,,
53f495a8-38f5-404f-8657-3094eaac1dc2,birches.graphics,available,22.98,31.98,medium,low,7,namecheap,,,20/09/2026 07:32
e8524b8f-9481-455e-8db8-2bb9f66551cb,backing.graphics,available,23.99,23.99,high,low,7,namesilo,,,21/09/2026 15:39
3ab38214-eff9-4823-8a4d-ca944a19e49f,torrid.graphics,available,22.98,31.98,high,low,6,namecheap,,,06/08/2026 16:35
92e8e9da-800f-42fd-ae05-14a0090bfa3e,euphonic.graphics,available,22.98,31.98,high,low,8,namecheap,,,17/08/2026 14:13
e3f03377-fb75-456e-ae43-cffc953edb84,debut.graphics,available,22.98,31.98,high,low,5,namecheap,,,24/09/2026 21:09
f8c24a59-55ff-4290-9d3a-dee19b77b313,battalion.graphics,available,23.99,23.99,high,low,9,namesilo,,,22/09/2026 14:24
c59696f1-5fca-42dc-8d3c-c5eac202fecf,subject.graphics,available,22.98,31.98,high,low,7,namecheap,,,03/09/2026 13:38
b0fcab09-ec2f-4283-861b-adebb1f91def,trackless.graphics,available,22.98,31.98,medium,low,9,namecheap,,,08/09/2026 10:29
be50994b-76df-4784-a62e-40a16c08ce5a,prettiest.graphics,available,23.99,23.99,high,low,9,namesilo,,,18/09/2026 03:32
54243dc3-5a8a-4308-a9da-b7d309e16a53,aruru.graphics,available,23.99,23.99,medium,low,5,namesilo,,,20/09/2026 12:26
67273e4c-ddcc-4644-ad09-9a4a4c2bb9fc,lashing.graphics,available,22.98,31.98,high,low,7,namecheap,,,22/08/2026 20:10
b54d0478-5425-49f8-858e-5c57633ba672,woodruff.graphics,available,23.99,23.99,medium,low,8,namesilo,,,20/09/2026 15:04
6fd144d0-fc34-40b4-8edf-266ebca66782,refrigerator.graphics,available,23.99,23.99,high,low,12,namesilo,,,
9759314a-0312-4b1e-8752-c284590ea585,manager.graphics,available,23.99,23.99,high,low,7,namesilo,,,24/09/2026 16:11
a6a01037-6c49-4d7c-908b-ccd9b462ad33,ulterior.graphics,available,22.98,31.98,medium,low,8,namecheap,,,22/08/2026 20:32
b576b868-458b-49ea-be7a-adfbb7cdec6d,snooty.graphics,available,22.98,31.98,medium,low,6,namecheap,,,09/08/2026 20:39
c0fed920-2ff5-4434-9df9-29b85272ae96,filings.graphics,available,23.99,23.99,medium,low,7,namesilo,,,
8f124993-fae6-4546-a081-a782858fa72a,airs.graphics,available,23.99,23.99,high,low,4,namesilo,,,17/09/2026 23:21
0b492372-b925-43ae-8074-8d036d41cf5f,breathe.graphics,available,23.99,23.99,high,low,7,namesilo,,,
6e5cda52-9de8-4f5c-8815-47a8eb58485e,rapid.graphics,available,23.99,23.99,high,low,5,namesilo,,,19/09/2026 15:13
c2c10d4c-eb4d-4a0e-90ef-177de793a134,house.graphics,premium,128.7,128.7,high,medium,5,namecheap,,,24/09/2026 18:37
6e22e4de-1277-4df4-ac03-efb2fa429655,wages.graphics,available,23.99,23.99,high,low,5,namesilo,,,
3db3188f-b635-43d0-932e-949098ef7e2c,emollient.graphics,available,22.98,31.98,medium,low,9,namecheap,,,14/08/2026 01:39
564d3ca0-1791-4243-a26d-ebf90e0d3d14,marsupial.graphics,available,22.98,31.98,high,low,9,namecheap,,,24/08/2026 16:32
4d9bb80f-0dec-40e1-a786-aff3a6107476,shaw.graphics,available,23.99,23.99,high,low,4,namesilo,,,19/09/2026 09:59
aeeb75b6-9c1b-456d-a735-90bac8772988,unfit.graphics,available,22.98,31.98,medium,low,5,namecheap,,,12/09/2026 10:23
01031bcf-d909-4750-98b5-1c42da0ed4f9,agleam.graphics,available,22.98,31.98,medium,low,6,namecheap,,,
69c591e7-4c4a-4644-9f3f-e77a9c678086,choir.graphics,available,23.99,23.99,high,low,5,namesilo,,,
3d19c9ac-d4cd-4579-bc94-0c729a6811a6,macho.graphics,available,22.98,31.98,high,low,5,namecheap,,,11/08/2026 11:31
c067e716-c6b9-425a-b83d-bc143e92ba73,kvetch.graphics,available,22.98,31.98,medium,low,6,namecheap,,,08/09/2026 20:36
713fd4c0-b4ff-413c-a13b-a171b16bbb24,reversible.graphics,available,31.98,,high,low,10,namecheap,,,
51ee52b0-0cce-44c1-b257-2fcc9071ea9a,montevideo.graphics,available,23.99,23.99,high,low,10,namesilo,,,24/09/2026 12:30
df863923-49ad-4c89-b820-94a5746ed606,passe.graphics,available,22.98,31.98,medium,low,5,namecheap,,,14/08/2026 01:17
af5c8a72-3107-4390-b210-b4a692c9812e,ferret.graphics,available,22.98,31.98,high,low,6,namecheap,,,23/09/2026 23:49
1d87ea8c-c126-4290-94b7-93103a290915,algonkin.graphics,available,22.98,31.98,medium,low,8,namecheap,,,
c8e00a24-5b0f-46af-840d-32d9ae11d676,file.graphics,premium,128.7,128.7,high,medium,4,namecheap,,,24/09/2026 21:00
f24a0b52-ddd1-4a25-b4eb-33ecf75e1a93,factually.graphics,available,22.98,31.98,medium,low,9,namecheap,,,14/09/2026 17:27
5754af36-1b58-4538-93f1-974b1de70251,funky.graphics,available,22.98,31.98,high,low,5,namecheap,,,18/08/2026 02:27
5ae46fb7-9e5f-43ac-afc4-6c581d624621,anticancer.graphics,available,22.98,31.98,high,low,10,namecheap,,,22/09/2026 06:38
8e654bcb-9a14-4de0-ab5f-c09572b4ed85,posh.graphics,available,22.98,31.98,high,low,4,namecheap,,,12/08/2026 09:53
34cb11c3-017a-4a1c-9358-1cb141d60d00,yum.graphics,premium,118.8,118.8,high,low,3,namesilo,,,
c64566db-ca40-4fbf-a285-a5c37462e881,curable.graphics,available,22.98,31.98,high,low,7,namecheap,,,13/08/2026 10:59
fb08202a-6440-4d78-825e-3c4eb385b054,greenness.graphics,available,22.98,31.98,high,low,9,namecheap,,,20/08/2026 19:45
b661bf03-d002-437c-8836-b4986524e59b,cleric.graphics,available,22.98,31.98,high,low,6,namecheap,,,14/08/2026 23:27
a85b3bb2-c651-4565-ad9a-d1561bf49db3,overleaf.graphics,available,22.98,31.98,medium,low,8,namecheap,,,15/09/2026 18:27
4c4e1c06-9234-4956-802e-4d3e9f726062,burgess.graphics,available,23.99,23.99,medium,low,7,namesilo,,,19/09/2026 13:35
5cba0684-cb4b-497c-ae4a-3a3ca2fb02cb,granting.graphics,available,31.98,,high,low,8,namecheap,,,
968e1ef0-e0c1-4ac9-a3f1-b9659e514c3b,wifely.graphics,available,22.98,31.98,medium,low,6,namecheap,,,13/09/2026 00:27
cdee578d-c383-4297-892b-ff178a3b7db4,acipenser.graphics,available,23.99,23.99,medium,low,9,namesilo,,,17/09/2026 01:47
10b70349-09bd-4f93-ad81-796cb875e1cb,overdressed.graphics,available,23.99,23.99,medium,low,12,namesilo,,,16/09/2026 17:42
1793ce9f-b788-4b3d-bf44-16d51607c4fc,sack.graphics,available,22.98,31.98,high,low,4,namecheap,,,03/09/2026 15:56
fee58270-50c7-42e2-b80f-d0974599da78,immodest.graphics,available,22.98,31.98,medium,low,8,namecheap,,,21/08/2026 21:09
f2044f53-6721-4e2c-8bdf-879b29859ffa,tasteful.graphics,available,22.98,31.98,high,low,8,namecheap,,,11/09/2026 09:00
aae9f588-27ca-4e41-ba6b-ea5ac7c2c18b,bingo.graphics,available,22.98,31.98,high,low,5,namecheap,,,22/09/2026 20:37
e768fd97-a132-4b71-a6a8-fdb3ccee9be6,xlvii.graphics,available,22.98,31.98,medium,low,5,namecheap,,,
0380d714-d7fa-4b9b-bcca-9130fb6b69a7,septet.graphics,available,22.98,31.98,medium,low,6,namecheap,,,
3bb90da7-feb4-45c2-b05d-bbfa16062413,emotional.graphics,available,22.98,31.98,high,low,9,namecheap,,,16/08/2026 15:56
1642b60f-9e61-45fa-9d6e-f7dac4b3fd05,analytic.graphics,available,22.98,31.98,high,low,8,namecheap,,,
14d17006-1c32-48ec-b6fe-f038697ac6b7,theban.graphics,available,22.98,31.98,high,low,6,namecheap,,,11/09/2026 12:35
1959ce82-d6b5-4db6-a7c4-9ab2471fc9bd,touching.graphics,available,22.98,31.98,high,low,8,namecheap,,,
2cd93e64-6174-4749-a2da-6ca25b049a7b,month.graphics,available,23.99,23.99,high,low,5,namesilo,,,
3b533c53-865c-4bdb-a315-ebb3c45f1723,younger.graphics,available,23.99,23.99,high,low,7,namesilo,,,25/09/2026 12:10
d0e00633-d0b8-4796-83e2-d35a31fb16f7,apheresis.graphics,available,22.98,31.98,medium,low,9,namecheap,,,19/09/2026 16:49
65ff6e22-462d-4a11-96ac-6bfd678bf65d,vaned.graphics,available,22.98,31.98,medium,low,5,namecheap,,,13/09/2026 01:06
8ea6406e-b368-484d-87a1-48ca2808edc0,squalid.graphics,available,22.98,31.98,medium,low,7,namecheap,,,10/09/2026 14:31
cd086013-0876-4c78-96c9-e1c05ad673ca,raiment.graphics,available,22.98,31.98,high,low,7,namecheap,,,19/09/2026 19:57
f4a8cb4c-e205-4516-9144-81a8c095c4f5,restaurants.graphics,available,22.98,31.98,high,low,11,namecheap,,,24/09/2026 21:11
14a54176-09da-4243-8c54-754ee37bd835,college.graphics,premium,118.8,118.8,high,low,7,namesilo,,,
01e14ba6-ed78-4859-9233-a8de2f5ec292,anaclitic.graphics,available,22.98,31.98,medium,low,9,namecheap,,,
27cf9e37-553c-4ae6-828a-c2d1e9bf8f52,frustrated.graphics,available,23.99,23.99,medium,low,10,namesilo,,,24/09/2026 10:57
f5092793-0afb-46ad-a8e6-4c8edc6a88d4,otc.graphics,premium,118.8,118.8,high,low,3,namesilo,,,04/09/2026 18:34
6592f1f8-bbf6-4340-8f40-e94f2f7725bf,tenor.graphics,available,22.98,31.98,high,low,5,namecheap,,,11/09/2026 11:24
6c29f6e9-0953-44ac-9fef-fcd180f1dcba,bitterness.graphics,available,23.99,23.99,medium,low,10,namesilo,,,17/09/2026 03:08
6566bd06-f935-4fc8-a765-accd0e49ff54,attractor.graphics,available,23.99,23.99,high,low,9,namesilo,,,21/09/2026 02:12
04adf796-f24d-4f21-bf02-e211dcc974c9,ballyrag.graphics,available,22.98,31.98,medium,low,8,namecheap,,,11/08/2026 08:57
378e5191-da50-4bcd-92e8-56617cd6e4f2,apostasy.graphics,available,22.98,31.98,medium,low,8,namecheap,,,19/09/2026 19:16
f4f9eaa9-c17f-4d71-8b3c-c23759557cac,unwashed.graphics,available,22.98,31.98,medium,low,8,namecheap,,,08/09/2026 21:02
710d6621-625c-4df8-9c06-b71da09e6d6b,trapped.graphics,available,22.98,31.98,medium,low,7,namecheap,,,07/08/2026 11:08
9f19c26a-c2a5-477c-b41f-b200b39c1504,methodist.graphics,available,22.98,31.98,high,low,9,namecheap,,,24/08/2026 21:58
b05b3381-15bf-4e30-9ee3-01846d04f3ae,crowd.graphics,available,31.98,,high,low,5,namecheap,,,
828b1af1-e5e6-4c57-9714-5c9e91f73d3a,wavy.graphics,available,22.98,31.98,high,low,4,namecheap,,,13/08/2026 06:54
b8849892-c69c-404a-9fac-6fb8993618b8,mate.graphics,available,23.99,23.99,high,low,4,namesilo,,,23/09/2026 11:43
f2c073c0-a6bb-404f-ac34-2a04d514e528,banian.graphics,available,23.99,23.99,medium,low,6,namesilo,,,22/09/2026 02:05
d1e14d43-3532-44dc-aecf-d4ac033ff8d2,rotfl.graphics,available,23.99,23.99,medium,low,5,namesilo,,,
7e2da81c-4c67-41e5-926c-516b2f9373e9,person.graphics,available,23.99,23.99,high,low,6,namesilo,,,25/09/2026 09:11
e3f758ae-3df1-40eb-b62b-c42fb4554788,arouse.graphics,available,22.98,31.98,high,low,6,namecheap,,,07/08/2026 23:59
ca26b4de-d916-4179-9bad-2d9f2ae4ce43,ephemeron.graphics,available,22.98,31.98,medium,low,9,namecheap,,,17/08/2026 10:22
1ff81186-9b0c-4914-a20b-2cdeffcbb492,bayes.graphics,available,22.98,31.98,high,low,5,namecheap,,,22/09/2026 18:03
aab4beb8-bd16-4e63-b8ca-a4a0fbd8d16c,unreached.graphics,available,22.98,31.98,medium,low,9,namecheap,,,04/09/2026 18:48
6fed1e10-9f2c-4fd7-8e7b-bb92dcecce9c,dissemble.graphics,available,22.98,31.98,high,low,9,namecheap,,,09/09/2026 01:49
80d062b4-4601-46d9-9a5a-1a25321a1833,boundaries.graphics,available,31.98,,medium,low,10,namecheap,,,
499ba4aa-4b5e-493f-b585-d3ce913b5acf,hence.graphics,available,31.98,,high,low,5,namecheap,,,
c8f3a4a2-b49d-4109-a679-f8597f0b7650,preferred.graphics,available,22.98,31.98,high,low,9,namecheap,,,09/08/2026 17:53
bfe720a5-14d7-4d8a-926f-70dd7e6025df,cpi.graphics,premium,123.75,123.75,high,low,3,name.com,,,25/09/2026 22:02
0a5b828a-24d2-4d65-9b13-3d74e9ce2a56,bodacious.graphics,available,22.98,31.98,high,low,9,namecheap,,,10/08/2026 16:42
92f91746-e91e-4209-96f1-e26406cf4714,dietetic.graphics,available,22.98,31.98,medium,low,8,namecheap,,,14/08/2026 06:56
96150d6f-4ae5-4891-add8-8f08bab05853,ballock.graphics,available,23.99,23.99,medium,low,7,namesilo,,,21/09/2026 23:03
70cb2130-051b-4fa9-bf81-cd9a4e4f0142,suppertime.graphics,available,23.99,23.99,high,low,10,namesilo,,,24/09/2026 22:23
e23812fd-767f-4359-9e4a-7b520387bb33,zama.graphics,available,23.99,23.99,medium,low,4,namesilo,,,22/09/2026 16:21
0b0c2baf-6d65-465d-aa2f-679674af5ab1,curative.graphics,available,23.99,23.99,high,low,8,namesilo,,,22/09/2026 02:19
15df7e1a-c3a4-48b6-8d03-f0901b61c3d9,plug.graphics,available,23.99,23.99,high,low,4,namesilo,,,
a30304e2-da27-430b-931f-be11dc95443a,oldish.graphics,available,22.98,31.98,medium,low,6,namecheap,,,04/09/2026 02:04
0fe7c41e-5ee9-4f1a-8ab0-60c20c407242,lithesome.graphics,available,22.98,31.98,medium,low,9,namecheap,,,24/08/2026 01:12
a60ebcaa-2711-4f7b-b0d6-f34600fd3637,howl.graphics,available,23.99,23.99,high,low,4,namesilo,,,25/09/2026 00:27
4a46c36f-0440-4444-ab33-03f3bd797f81,unsaid.graphics,available,22.98,31.98,medium,low,6,namecheap,,,12/09/2026 09:43
a0484d13-3512-4ab9-a9f8-5d19c5887d51,formosan.graphics,available,22.98,31.98,high,low,8,namecheap,,,18/08/2026 12:16
07eeca1d-5dfe-43d8-9133-3bc91bb778dc,landwards.graphics,available,22.98,31.98,medium,low,9,namecheap,,,15/09/2026 10:41
db599560-35d8-4c0b-a296-f8f60a55c035,carpal.graphics,available,22.98,31.98,high,low,6,namecheap,,,11/08/2026 19:34
84f8968e-3ce0-4494-a0a7-7a91b658d3c7,dent.graphics,available,31.99,33.99,high,low,4,name.com,,,24/09/2026 21:54
f24720d6-0523-47d5-8a9d-12f183851a4c,billy.graphics,available,23.99,23.99,high,low,5,namesilo,,,23/09/2026 16:44
7d0f6e2e-dd4c-4ede-bed7-80b5b3e2571d,infallible.graphics,available,22.98,31.98,high,low,10,namecheap,,,22/08/2026 04:05
58c23e54-605a-4437-bf8a-928b4cda9421,african.graphics,available,22.98,31.98,high,low,7,namecheap,,,
20de1929-126d-43bd-a1b3-3a468294c19d,pintail.graphics,available,22.98,31.98,medium,low,7,namecheap,,,19/09/2026 02:52
02f29bf1-3acd-49c4-ac47-c8ad3d90e94d,buttercup.graphics,available,23.99,23.99,high,low,9,namesilo,,,24/09/2026 11:18
c5c2e0cf-bd45-4c6f-ad5e-eb0e7df9669f,thereabout.graphics,available,23.99,23.99,medium,low,10,namesilo,,,16/09/2026 08:39
30878333-477f-43d5-82f5-374f03463ece,unveil.graphics,available,23.99,23.99,high,low,6,namesilo,,,
fbec9d8d-ace7-414f-9f50-af2c034e8ceb,tunic.graphics,available,23.99,23.99,high,low,5,namesilo,,,17/09/2026 10:34
564d7af5-1f4e-4a2e-887c-143cad5ada5c,toured.graphics,available,23.99,23.99,medium,low,6,namesilo,,,20/09/2026 05:39
6e0621f9-17ee-4f93-b73a-7aaa48e5905c,barbacan.graphics,available,22.98,31.98,medium,low,8,namecheap,,,22/09/2026 04:19
35300c71-417d-4084-8d68-f276f9e5d25c,waxwork.graphics,available,22.98,31.98,medium,low,7,namecheap,,,18/09/2026 19:16
f5d74627-9d6e-446c-82cf-3d4ba4d376f3,brusque.graphics,available,22.98,31.98,medium,low,7,namecheap,,,11/08/2026 07:02
07b892ad-fe01-4118-8f71-4285383768a0,pressed.graphics,available,23.99,23.99,high,low,7,namesilo,,,
765bd9a1-b8a6-479f-aafa-3d623495e79c,wolfe.graphics,available,23.99,23.99,high,low,5,namesilo,,,25/09/2026 10:55
3aa73099-025f-44c5-954d-35798e0acc7b,achromic.graphics,available,22.98,31.98,medium,low,8,namecheap,,,
d6cabc81-2572-4298-b525-25bc826d13c7,filled.graphics,available,22.98,31.98,high,low,6,namecheap,,,24/09/2026 18:13
56b1864f-f468-40cc-8139-b06cd311a036,ardent.graphics,available,22.98,31.98,high,low,6,namecheap,,,06/08/2026 16:11
441f97cd-74c3-4ad6-b878-20210529fa8d,wrecked.graphics,available,23.99,23.99,high,low,7,namesilo,,,
302ddaba-226f-4d3f-bc19-c89df912a602,treated.graphics,available,22.98,31.98,high,low,7,namecheap,,,11/09/2026 10:52
657ed3db-2409-43aa-ba2a-aa2ca7ada181,realized.graphics,available,22.98,31.98,high,low,8,namecheap,,,23/09/2026 17:28
0561a2d0-35a4-4d9e-9ed8-292738ad5305,mechanism.graphics,available,23.99,23.99,high,low,9,namesilo,,,24/09/2026 14:15
d93d8a7b-7f8b-44cc-8216-42a0d4429b49,hour.graphics,available,23.99,23.99,high,low,4,namesilo,,,
a575cb4b-f048-4960-abf2-c1971177d412,adviseable.graphics,available,23.99,23.99,high,low,10,namesilo,,,
70983fab-cdd4-4931-9ffc-253224ea5a06,sanctioned.graphics,available,22.98,31.98,medium,low,10,namecheap,,,06/08/2026 09:24
98d72997-a99a-4e26-9a8d-4832cbb146f7,goodenough.graphics,available,23.99,23.99,high,low,11,namesilo,,,
3949d61a-5de6-4ddc-9c36-87845e40ce58,biased.graphics,available,22.98,31.98,medium,low,6,namecheap,,,09/08/2026 18:36
6eb7f721-db21-400d-abb8-b76fc4e455a7,deflation.graphics,available,23.99,23.99,medium,low,9,namesilo,,,
1ac1ba89-325b-4dc9-9071-e277b53b2233,brian.graphics,premium,42.9,42.9,high,medium,5,namecheap,,,25/09/2026 12:08
ea7b40bb-3a17-488e-9994-b3e0257a2f48,knew.graphics,available,23.99,23.99,medium,low,4,namesilo,,,
8197702e-1634-46c0-80fe-9da4d398508e,procure.graphics,available,22.98,31.98,high,low,7,namecheap,,,10/09/2026 01:32
29443ecd-5a83-4a16-af73-621c5482e385,suspended.graphics,available,22.98,31.98,medium,low,9,namecheap,,,11/09/2026 04:55
d985b98a-4578-40b7-b577-9967efbb7934,anechoic.graphics,available,22.98,31.98,medium,low,8,namecheap,,,
f8a25d6d-6353-4b3d-8185-ec19ee1f4997,straighten.graphics,available,22.98,31.98,high,low,10,namecheap,,,11/09/2026 15:43
11097a9c-203e-4040-916a-aaa9682ca532,aerides.graphics,available,23.99,23.99,medium,low,7,namesilo,,,17/09/2026 12:51
396fe87b-51c7-44a7-a667-d4b7692c8d4f,backplate.graphics,available,23.99,23.99,high,low,9,namesilo,,,21/09/2026 15:46
d9fbf79a-8395-434a-98e5-3500c210be9e,americas.graphics,available,23.99,23.99,high,low,8,namesilo,,,
7e29282c-e27b-4ea7-94e3-78f5fa18df7c,albers.graphics,available,23.99,23.99,high,low,6,namesilo,,,18/09/2026 02:34
fcf503fd-c7bc-45e0-83ea-6bf142468bfb,aftercare.graphics,available,23.99,23.99,high,low,9,namesilo,,,17/09/2026 15:35
ce0e7f45-f345-4f3a-a3ec-91c5e7cd4e56,heavily.graphics,available,22.98,31.98,medium,low,7,namecheap,,,21/08/2026 05:28
7b6721fc-ca7d-4145-ab14-eb72b38a3e5f,bride.graphics,available,23.99,23.99,high,low,5,namesilo,,,24/09/2026 10:31
9132f42e-eb93-4fb3-83cc-618d5e0142e5,holocene.graphics,available,22.98,31.98,medium,low,8,namecheap,,,09/09/2026 11:21
18d83583-e2e7-4f15-a0d4-f6c3f43dcf7b,offstage.graphics,available,22.98,31.98,high,low,8,namecheap,,,08/08/2026 06:14
893e1443-a2b4-4f67-9126-fa93fb21574d,derisory.graphics,available,22.98,31.98,medium,low,8,namecheap,,,14/08/2026 02:56
d0d62874-17bf-47b8-864c-7861fd9882e8,hold.graphics,available,23.99,23.99,high,low,4,namesilo,,,24/09/2026 23:26
a872370c-9e61-4163-b871-240e26c05cf4,auden.graphics,available,23.99,23.99,high,low,5,namesilo,,,21/09/2026 02:48
5ca92aeb-a0e5-4293-9329-4b8e176963da,inadequate.graphics,available,22.98,31.98,medium,low,10,namecheap,,,22/08/2026 00:12
a881bf47-52ff-4ddb-8bd2-6c2acccdcc5f,houghton.graphics,available,23.99,23.99,high,low,8,namesilo,,,25/09/2026 23:07
a591536d-5657-4f78-b2b9-6c162ae189c6,peripheral.graphics,available,22.98,31.98,high,low,10,namecheap,,,08/09/2026 17:14
1c571626-c856-459f-8a82-36d280629873,fungible.graphics,available,22.98,31.98,medium,low,8,namecheap,,,18/08/2026 18:32
576ca0b4-4239-496a-9a72-9724f50e506d,womanish.graphics,available,22.98,31.98,medium,low,8,namecheap,,,13/09/2026 12:58
698714a5-b06e-497e-b238-c7df0f2cf000,baffling.graphics,available,22.98,31.98,medium,low,8,namecheap,,,08/08/2026 08:02
d05bc761-4ba7-4975-909a-cf9131f06d2a,endlessly.graphics,available,22.98,31.98,high,low,9,namecheap,,,14/09/2026 06:09
b7ada310-e145-42db-9f5a-6bd4e44a9aa3,beefcake.graphics,available,23.99,23.99,high,low,8,namesilo,,,23/09/2026 01:06
c104a6ad-f17f-44eb-a039-7262c3764f25,totally.graphics,available,23.99,23.99,high,low,7,namesilo,,,22/09/2026 00:22
3cab50e9-b358-4da2-8061-ce468e7f5c73,scrap.graphics,available,22.98,31.98,high,low,5,namecheap,,,18/08/2026 03:49
94840feb-33a1-4014-9d0d-add273a80e77,recommend.graphics,available,23.99,23.99,high,low,9,namesilo,,,
73a71153-29f7-405e-9cd3-849a9eca003a,foreign.graphics,available,22.98,31.98,high,low,7,namecheap,,,
9d52e1b6-bca7-4b39-bc6d-0cf09204c3c1,remind.graphics,available,22.98,31.98,high,low,6,namecheap,,,24/09/2026 20:14
cf9af1b8-ed86-41ce-8879-dab64d4679b9,earthborn.graphics,available,22.98,31.98,medium,low,9,namecheap,,,14/08/2026 22:35
71d10568-3d5b-455d-8c2c-ac7f5c48d263,assertive.graphics,available,22.98,31.98,medium,low,9,namecheap,,,07/08/2026 05:59
7715d14d-c5e1-43fe-95ef-ad2883c94513,philadelphia.graphics,premium,118.8,118.8,high,low,12,namesilo,,,
075ebc55-0fc7-4a20-8702-331be8a8e32e,vial.graphics,available,23.99,23.99,high,low,4,namesilo,,,18/09/2026 23:48
dd1ab1fb-8568-4fd8-ab05-f26eb8f87866,reusable.graphics,available,22.98,31.98,high,low,8,namecheap,,,09/09/2026 11:33
4b5558dd-0780-4dbb-81e8-de859fb2d82d,pump.graphics,available,23.99,23.99,high,medium,4,namesilo,,,25/09/2026 10:10
24efc171-a9b9-4c9c-81eb-5712f5fc4ffb,atilt.graphics,available,22.98,31.98,medium,low,5,namecheap,,,07/08/2026 13:13
13b41627-677d-4169-88e8-75a05264d5a4,meeting.graphics,available,22.98,31.98,high,low,7,namecheap,,,24/08/2026 20:45
c4d6c49c-939d-4620-b562-ec8f0f94d4f4,rubbery.graphics,available,22.98,31.98,medium,low,7,namecheap,,,20/08/2026 20:09
ceeee0c5-420e-42be-9e1b-f755a8820170,unbranded.graphics,available,22.98,31.98,high,low,9,namecheap,,,12/09/2026 04:29
4a154703-9ef0-4d62-bac8-181f8fdcf379,orienting.graphics,available,22.98,31.98,high,low,9,namecheap,,,04/09/2026 17:56
50763764-c634-4896-abcb-612259176598,landed.graphics,available,22.98,31.98,high,low,6,namecheap,,,22/08/2026 19:22
6913e81c-1ff2-4285-b1cb-4429a37d2324,motivate.graphics,available,23.99,23.99,high,low,8,namesilo,,,
f9b611d8-df07-4f1c-89a4-02f401989322,bronchial.graphics,available,22.98,31.98,medium,low,9,namecheap,,,11/08/2026 05:35
18362b81-5f2c-4205-956a-737a42982348,rivals.graphics,available,31.99,33.99,medium,low,6,name.com,,,20/09/2026 05:05
5b193c01-4b62-4307-92ad-09eb4cf33d8f,collision.graphics,available,23.99,23.99,high,low,9,namesilo,,,
c3e9cc26-b589-437d-ac9b-a05ea07542a3,jordanian.graphics,available,22.98,31.98,high,low,9,namecheap,,,22/08/2026 14:01
dd4664eb-0662-4958-9726-d9dde1eb2048,lamenting.graphics,available,22.98,31.98,medium,low,9,namecheap,,,22/08/2026 19:02
42d4916a-7780-410b-825d-85db8a6128e2,hygienic.graphics,available,22.98,31.98,high,low,8,namecheap,,,21/08/2026 16:27
2540a3eb-abff-4241-b4a7-6c15fee74ae2,derivative.graphics,available,22.98,31.98,high,low,10,namecheap,,,14/08/2026 03:01
cda5792c-362a-4f55-a908-9a4f6566b434,lepanto.graphics,available,22.98,31.98,medium,low,7,namecheap,,,22/09/2026 15:21
3a7cb7f1-5ef2-4e2f-b230-6f91081e5ba2,adios.graphics,available,23.99,23.99,high,low,5,namesilo,,,
8125a54d-c57f-4ca1-8adf-422099ec846b,backbeat.graphics,available,23.99,23.99,high,low,8,namesilo,,,21/09/2026 14:59
fdd28a72-f348-46c8-8665-72fe91f9a96a,aright.graphics,available,22.98,31.98,high,low,6,namecheap,,,13/09/2026 20:49
281cddc4-a60e-4c8a-b230-2cbd8bc05d26,snitcher.graphics,available,23.99,23.99,medium,low,8,namesilo,,,19/09/2026 14:14
4bbb7bdd-f3e4-4ae8-bb7b-c0a71a0c37f7,planless.graphics,available,22.98,31.98,medium,low,8,namecheap,,,
9c0bc42d-4125-43fa-9577-bb0bc8c78e1a,academe.graphics,available,22.98,31.98,high,low,7,namecheap,,,16/09/2026 20:22
6eae0e57-7291-40d3-8268-66c0a95e5de6,constants.graphics,available,23.99,23.99,medium,low,9,namesilo,,,21/09/2026 01:13
df8c2bf6-6080-4f41-80de-33b6e6f4aac7,barde.graphics,available,23.99,23.99,medium,low,5,namesilo,,,22/09/2026 05:12
22e92b48-10b4-45a9-afc3-513ee02fe922,andrena.graphics,available,23.99,23.99,medium,low,7,namesilo,,,19/09/2026 04:31
d661b609-ae50-4002-be45-1f5d77fa7de2,tailless.graphics,available,22.98,31.98,medium,low,8,namecheap,,,05/08/2026 21:33
e868eb5f-6e62-49bc-bc44-5bf0b27425d6,accentor.graphics,available,23.99,23.99,medium,low,8,namesilo,,,16/09/2026 21:58
5961ef68-dae8-4d38-a55b-1d969eb6fb65,castellano.graphics,available,23.99,23.99,medium,low,10,namesilo,,,
30de1e03-34da-4264-adad-12db5e5abcb0,scoffing.graphics,available,22.98,31.98,medium,low,8,namecheap,,,22/08/2026 12:43
f2e09d44-f187-47fe-b42e-8bd440c6316d,university.graphics,premium,500,500,high,low,10,name.com,,,26/09/2026 00:46
8e15f0b3-9353-44e8-af2d-15bb4e2dafd6,bewildered.graphics,available,22.98,31.98,medium,low,10,namecheap,,,07/08/2026 11:52
d7d53397-d136-4d4c-ae9f-8cf7b9ea5859,someway.graphics,available,22.98,31.98,medium,low,7,namecheap,,,15/09/2026 06:46
00f25837-1cd4-44e8-ab28-56da5d76fad1,tacitly.graphics,available,23.99,23.99,medium,low,7,namesilo,,,16/09/2026 07:43
759553a1-45fd-4786-839e-17090710a599,shrieking.graphics,available,22.98,31.98,medium,low,9,namecheap,,,09/09/2026 23:55
e15bd3ae-eefb-44a4-8288-5986d09dcfb3,rounds.graphics,available,23.99,23.99,high,low,6,namesilo,,,17/09/2026 22:13
11ae2123-ca5f-4f88-b832-7630c8cdef68,rockbound.graphics,available,22.98,31.98,medium,low,9,namecheap,,,09/09/2026 18:10
87bd6d08-d19d-4d7a-bfee-0a9cf70c8d48,because.graphics,available,23.99,23.99,high,low,7,namesilo,,,
521cdf96-f2d1-4423-b6cd-4ff4311142ba,belonging.graphics,available,23.99,23.99,high,low,9,namesilo,,,23/09/2026 06:53
e5a3f26e-a9fe-46db-8b9f-f4e240cf486a,clench.graphics,available,23.99,23.99,medium,low,6,namesilo,,,24/09/2026 15:33
c54e7320-c182-462d-8c6b-d1e0198296a0,elderberry.graphics,available,22.98,31.98,high,low,10,namecheap,,,24/09/2026 00:39
9236c0f9-ff63-48ed-94af-f1a9b7ffe543,betatron.graphics,available,22.98,31.98,medium,low,8,namecheap,,,23/09/2026 11:04
743624bf-c0bf-41b9-bbf7-4cc67516dca3,uttered.graphics,available,22.98,31.98,medium,low,7,namecheap,,,17/08/2026 18:44
a59e037f-75cb-4806-8a9d-5376d921a4b4,designate.graphics,available,22.98,31.98,high,low,9,namecheap,,,14/08/2026 03:42
fb5190df-eac5-4571-8ae1-e8c8cea09c2a,superman.graphics,available,23.99,23.99,high,low,8,namesilo,,,
3f0e9585-b2f7-4615-b545-37800953cc82,gratuity.graphics,available,23.99,23.99,high,low,8,namesilo,,,21/09/2026 15:50
852f9519-4a83-436e-a91d-d30e167773b8,eggplant.graphics,available,23.99,23.99,high,low,8,namesilo,,,21/09/2026 02:30
0401f886-d948-4f49-94c7-f584ce55a0b1,benzocaine.graphics,available,23.99,23.99,high,low,10,namesilo,,,23/09/2026 08:58
46f2a5df-9f94-4b08-98cb-4f618bf07e8b,smooth.graphics,available,22.98,31.98,high,low,6,namecheap,,,24/09/2026 20:14
dd9ec907-1995-4f83-bde9-731afd5b733b,revered.graphics,available,31.98,,high,low,7,namecheap,,,
a45d0969-01c7-40c3-93e3-f4149ecee94a,pages.graphics,premium,128.7,128.7,high,low,5,namecheap,,,17/09/2026 10:38
6c0eac21-1114-491e-9df8-cbf75d36ecfd,bleriot.graphics,available,22.98,31.98,medium,low,7,namecheap,,,24/09/2026 06:04
0eb62f50-1526-4586-9b49-0fd5dcf9a832,octal.graphics,available,22.98,31.98,high,low,5,namecheap,,,04/09/2026 00:39
cb4c0f1f-3ec3-40c8-b657-04bfdd056411,roadblock.graphics,available,23.99,23.99,medium,low,9,namesilo,,,22/09/2026 08:30
ad7edfff-3187-4d28-91fc-29ad7c06d776,knobby.graphics,available,22.98,31.98,medium,low,6,namecheap,,,22/08/2026 16:29
5297a0bd-d03c-429e-8011-da8c0a4e6d98,fink.graphics,available,22.98,31.98,high,medium,4,namecheap,,,11/08/2026 16:11
ab2bed22-7d7f-46e8-ae40-75785f853f29,bike.graphics,premium,38.94,38.94,high,low,4,namesilo,,,08/09/2026 12:23
737e1393-1c31-4087-b673-2adc10c94069,orally.graphics,available,22.98,31.98,medium,low,6,namecheap,,,15/09/2026 18:11
1c687f17-eac0-44c8-b212-601a0ce5c024,pasted.graphics,available,22.98,31.98,high,low,6,namecheap,,,20/08/2026 15:14
301c9863-d2ac-47c4-9b6b-af000e6b5f1a,countable.graphics,available,22.98,31.98,high,low,9,namecheap,,,13/08/2026 03:28
5c4d8811-c17f-4a21-89cf-f3a220e02ebd,sixteenth.graphics,available,22.98,31.98,high,low,9,namecheap,,,
0bed4529-b3d6-4614-be40-99817647346a,outright.graphics,available,22.98,31.98,high,low,8,namecheap,,,04/09/2026 19:35
41698b47-5ef2-4239-9452-cfe5b66af1ff,rooibos.graphics,available,23.99,23.99,medium,low,7,namesilo,,,20/09/2026 14:38
b39c34a6-3f9f-4753-b66f-3e5802f647d0,defaults.graphics,available,23.99,23.99,low,low,8,namesilo,,,21/09/2026 07:23
bf30ec43-ff34-4b29-88ef-3519edfea988,eagerness.graphics,available,22.98,31.98,high,low,9,namecheap,,,21/09/2026 09:28
aa6e45b8-2549-4cdf-855f-3b4d759e0639,affiliated.graphics,available,22.98,31.98,high,low,10,namecheap,,,
7605f0c6-162e-4126-a026-cf09357bbc7b,babylonia.graphics,available,23.99,23.99,high,low,9,namesilo,,,21/09/2026 13:51
0c2e1e41-fc3c-49e2-a159-d1971aa38e7c,compromise.graphics,available,23.99,23.99,high,low,10,namesilo,,,24/09/2026 16:54
97d6284c-afc7-401c-b826-ec7134dd0b44,anuria.graphics,available,23.99,23.99,medium,low,6,namesilo,,,19/09/2026 15:55
867adfaf-ba19-4d2f-8cd4-7767ceb5baf6,alcove.graphics,available,23.99,23.99,high,low,6,namesilo,,,18/09/2026 04:11
4551a631-0132-446a-bb39-ba341b175e91,champagne.graphics,available,23.99,23.99,high,low,9,namesilo,,,23/09/2026 10:06
cafb0022-6c42-4963-97d1-8613f56415f9,exposed.graphics,premium,118.8,118.8,high,low,7,namesilo,,,17/08/2026 18:37
70b0f765-743d-4579-947e-cdbffe732df6,cumulate.graphics,available,22.98,31.98,high,low,8,namecheap,,,12/08/2026 21:52
1d397da2-4cef-4046-877d-ddf22a4e1cd4,rip.graphics,premium,500,,high,low,3,name.com,,,
79c3158a-d8dc-4f87-a62a-4778c4bc928a,feeble.graphics,available,31.99,33.99,medium,low,6,name.com,,,13/08/2026 20:30
ce84d768-a31e-4f3c-b968-16275655d32f,twelfth.graphics,available,22.98,31.98,high,low,7,namecheap,,,
f5edebd5-4997-474d-8704-f8b9c6004ff5,sharply.graphics,available,23.99,23.99,medium,low,7,namesilo,,,
fd06a72d-705b-4cef-9d3a-b8ab0941ae86,trusty.graphics,available,22.98,31.98,high,low,6,namecheap,,,11/09/2026 20:49
00bbeb9b-ca0d-460b-9da4-66e7a1087690,distrust.graphics,available,23.99,23.99,high,low,8,namesilo,,,24/09/2026 23:13
2b168581-390e-49d6-aa54-412aeae7de34,main.graphics,available,23.99,23.99,high,low,4,namesilo,,,23/09/2026 09:34
cb39c968-8896-4462-9e45-7f5f80701b37,paths.graphics,available,22.98,31.98,medium,low,5,namecheap,,,18/09/2026 10:52
9fb4481c-d70e-4f8f-8c05-1956adda27ec,corrupt.graphics,available,23.99,23.99,high,low,7,namesilo,,,23/09/2026 23:53
5a7c16b6-464b-4ec1-941c-b27ecfae72aa,agrarian.graphics,available,22.98,31.98,high,low,8,namecheap,,,
1d6341a4-90ab-442d-9d79-1f93876db9f6,conductive.graphics,available,22.98,31.98,high,low,10,namecheap,,,12/08/2026 20:33
559d0e93-61ae-4885-a3bc-c7ca381a3b00,fitting.graphics,available,22.98,31.98,high,low,7,namecheap,,,18/08/2026 05:50
a4330a77-509d-40ba-bed2-a951740f626a,inexorable.graphics,available,22.98,31.98,medium,low,10,namecheap,,,
8141f2d1-e087-44b3-8e63-d72f88285391,henbane.graphics,available,23.99,23.99,medium,low,7,namesilo,,,24/09/2026 00:54
2e1d0e89-98e4-4a98-87fd-23d5c4e0bb94,harley.graphics,available,23.99,23.99,high,low,6,namesilo,,,25/09/2026 12:17
11a8e9dc-b7c2-4eaa-aae2-dffd5d7f6451,sextet.graphics,available,22.98,31.98,high,low,6,namecheap,,,
dcd02e44-ce04-4f8a-b7e0-6f867f00f406,pleasing.graphics,available,23.99,23.99,high,low,8,namesilo,,,
ab42c9f5-a8e7-4eba-82b7-64b5371898b7,murder.graphics,available,23.99,23.99,medium,low,6,namesilo,,,26/09/2026 00:00
c162222e-682f-4216-b12c-82cf18657dfa,wash.graphics,available,23.99,23.99,high,low,4,namesilo,,,
e774fae3-e24f-413f-a1d3-1740b644d7d2,taller.graphics,available,23.99,23.99,medium,low,6,namesilo,,,19/09/2026 00:16
67425685-8c85-4976-9be0-e3d9372eebac,seyhan.graphics,available,23.99,23.99,medium,low,6,namesilo,,,17/09/2026 06:19
dea90ad6-20c3-4ba9-90e0-0189056f2806,jump.graphics,available,22.98,31.98,high,low,4,namecheap,,,22/09/2026 02:34
f41a4c7c-6d64-4e5c-89e5-15d938971909,monocled.graphics,available,22.98,31.98,medium,low,8,namecheap,,,09/08/2026 17:15
3fb7bdeb-05f7-4f6c-be08-06fa7ca4a1cc,irreverent.graphics,available,22.98,31.98,medium,low,10,namecheap,,,20/08/2026 16:04
15f7df29-628b-46ce-8f88-97510410147f,retrograde.graphics,available,22.98,31.98,high,low,10,namecheap,,,09/09/2026 15:46
0cee66bb-8532-41e8-a3b9-e2cd8cafa6a4,forking.graphics,available,22.98,31.98,medium,low,7,namecheap,,,11/08/2026 02:19
bb894111-7f08-475c-a97f-c14f350057ab,miry.graphics,available,22.98,31.98,medium,low,4,namecheap,,,10/08/2026 17:05
55d98216-ff16-4baf-b760-01fb71f70139,equations.graphics,available,23.99,23.99,medium,low,9,namesilo,,,18/09/2026 12:39
adc8e08f-320d-4d03-a3f5-df594e224deb,stood.graphics,available,23.99,23.99,medium,low,5,namesilo,,,
dc4cc54e-c793-4965-9bdd-b5a45e34d27f,springtime.graphics,available,31.98,,high,low,11,namecheap,,,
499b05fd-6215-4841-b53e-2a2690cede9c,keen.graphics,available,23.99,23.99,high,low,4,namesilo,,,22/09/2026 16:55
dd53a034-7246-4952-9dfc-440c5f807a63,bandy.graphics,available,22.98,31.98,medium,low,5,namecheap,,,08/08/2026 11:45
58161c22-0974-43ad-af11-69a4b1da79a1,epicure.graphics,available,22.98,31.98,high,low,7,namecheap,,,17/08/2026 10:42
13532883-9bc2-47b8-b1f6-322e1b4da4c0,aural.graphics,available,23.99,23.99,high,low,5,namesilo,,,22/09/2026 12:49
efc7cdbd-489f-4f70-b23b-23b1fc3ef535,inane.graphics,available,22.98,31.98,medium,low,5,namecheap,,,07/08/2026 02:43
d9a11d27-b595-427a-8ace-162cf2b261e0,clanging.graphics,available,22.98,31.98,medium,low,8,namecheap,,,12/08/2026 09:31
d1433609-f64d-47c5-a2ee-5e3285fd0e49,distributions.graphics,available,23.99,23.99,medium,low,13,namesilo,,,25/09/2026 21:52
af38a2ee-4a3a-4e8c-9b81-4eb644a3ed9d,selections.graphics,available,23.99,23.99,medium,low,10,namesilo,,,20/09/2026 10:53
13de23fa-cb87-49e7-a14a-178513bd3489,bizarre.graphics,available,22.98,31.98,high,low,7,namecheap,,,22/09/2026 21:11
ca252ecf-d4fb-46bc-ba02-3004da543161,drew.graphics,available,23.99,23.99,high,low,4,namesilo,,,25/09/2026 00:05
864a4221-4005-4271-bb4d-443beb5f7a39,territory.graphics,available,23.99,23.99,high,low,9,namesilo,,,
31e56b51-5147-4377-9f0f-80cae93866ba,pentatonic.graphics,available,22.98,31.98,high,low,10,namecheap,,,08/09/2026 15:05
f8b0253a-2a31-47c8-85d5-9a4b64e1df73,worthless.graphics,available,22.98,31.98,medium,low,9,namecheap,,,14/08/2026 04:07
840ca3dc-e995-42d5-ab0b-66eed6e6f5cb,deathly.graphics,available,31.99,33.99,medium,low,7,name.com,,,13/08/2026 19:31
651687c2-ae57-4057-b28a-4b5ccb279f8b,watercress.graphics,available,22.98,31.98,high,low,10,namecheap,,,13/08/2026 06:18
e8ebfb98-fac9-4d19-b9dd-ed00b6a1db9f,blackamoor.graphics,available,22.98,31.98,medium,low,10,namecheap,,,03/09/2026 15:12
ac02bc2d-13f9-4a8a-bcae-d359bfe7d34d,basket.graphics,available,23.99,23.99,high,low,6,namesilo,,,
491757a4-bc9c-4212-91ec-354c113ca123,rivera.graphics,available,23.99,23.99,high,low,6,namesilo,,,25/09/2026 04:54
8aa2d65b-10a1-4123-b7d0-fd2fa66c2347,masonic.graphics,available,22.98,31.98,high,low,7,namecheap,,,24/08/2026 16:39
379fafa9-d297-4c7f-b38a-5b30a3046c75,harold.graphics,premium,118.8,118.8,high,low,6,namesilo,,,
2777ba80-c465-4817-948e-de5f911aacea,street.graphics,premium,123.75,,high,low,6,name.com,,,
b01bb366-2cd0-4674-bfc4-75fedbbd5fdb,penitent.graphics,available,22.98,31.98,medium,low,8,namecheap,,,08/09/2026 14:30
2be6f749-94c3-40a7-ba94-45509eec40ea,catatonic.graphics,available,22.98,31.98,medium,low,9,namecheap,,,11/08/2026 21:14
1b2c4d73-99ea-4742-abbe-f137c2095c13,spooky.graphics,available,22.98,31.98,high,low,6,namecheap,,,10/09/2026 09:49
8467982b-9d65-4606-bcf6-9486822e6075,phrases.graphics,available,23.99,23.99,medium,low,7,namesilo,,,
c023cc2d-9cab-4c1c-84f2-f47655dbb4fe,rings.graphics,available,23.99,23.99,high,low,5,namesilo,,,25/09/2026 10:24
8780f16e-5408-49c4-8c69-4f4d590e3ecf,lade.graphics,available,22.98,31.98,medium,low,4,namecheap,,,22/08/2026 18:36
4c3850d4-b33e-46fd-931f-b61dbca53991,uppish.graphics,available,22.98,31.98,low,low,6,namecheap,,,09/08/2026 20:46
f180aa4d-68d8-4136-95dc-9dd7fb4a8bdd,accessary.graphics,available,22.98,31.98,medium,low,9,namecheap,,,
de44acbf-3976-46e0-9f6e-261bff10d9f8,univalent.graphics,available,22.98,31.98,medium,low,9,namecheap,,,12/09/2026 14:00
5e7ac1b5-2fbd-48e3-8669-ce8bf17b8e48,clonic.graphics,available,22.98,31.98,medium,low,6,namecheap,,,12/08/2026 12:02
c9147caf-f704-4efd-8b3a-d5ec260db8ad,grandiose.graphics,available,22.98,31.98,high,low,9,namecheap,,,20/08/2026 17:58
2057f333-1948-4f17-9ab3-809366d19da1,unique.graphics,available,23.99,23.99,high,medium,6,namesilo,,,
5daa3a5b-8332-45f4-9c3c-35da3ded565f,redhead.graphics,available,22.98,31.98,high,low,7,namecheap,,,21/09/2026 10:48
a3218af6-046e-4b38-a558-3d29220f12c0,archetype.graphics,available,23.99,23.99,high,low,9,namesilo,,,20/09/2026 02:02
174183b8-f570-428c-8627-adfda69b3e06,fights.graphics,available,23.99,23.99,medium,low,6,namesilo,,,20/09/2026 00:14
1692968e-b3dc-49a9-9582-2a0e10bdd5ce,fretted.graphics,available,22.98,31.98,medium,low,7,namecheap,,,18/08/2026 15:24
cca31b53-c2c3-4ba9-955b-20a5dc703bdc,randomly.graphics,available,22.98,31.98,high,low,8,namecheap,,,13/09/2026 20:35
cbed4b37-f7ab-4974-9ace-16450dfddbe0,toradol.graphics,available,23.99,23.99,medium,low,7,namesilo,,,17/09/2026 05:31
c76660ce-fa61-4dbf-b84b-0d4c77233faf,boxer.graphics,available,23.99,23.99,high,low,5,namesilo,,,23/09/2026 06:29
1f148320-0bef-4a94-97ed-fff3464419bf,unvented.graphics,available,22.98,31.98,medium,low,8,namecheap,,,12/09/2026 22:11
0360d999-a8bc-4bcc-b80c-5200f57c5167,adenovirus.graphics,available,31.99,33.99,medium,low,10,name.com,,,17/09/2026 07:41
0cfdf40f-cc68-4bd6-bdaf-ee7f064e9790,earhart.graphics,available,22.98,31.98,medium,low,7,namecheap,,,18/09/2026 18:17
b9f2d411-3a88-4e30-86c3-7f7077cd6c3c,tantrik.graphics,available,22.98,31.98,high,low,7,namecheap,,,11/09/2026 08:07
20714441-3704-47df-9598-baa344897baf,respond.graphics,available,31.98,,high,low,7,namecheap,,,
f9cf804e-7efe-4d8a-b98c-0702360dda75,bouffant.graphics,available,22.98,31.98,high,low,8,namecheap,,,10/08/2026 21:32
e5f402aa-baf7-4dcf-a2c0-76cf6c132c13,baddie.graphics,available,23.99,23.99,medium,low,6,namesilo,,,21/09/2026 16:59
518db698-0ead-4105-a7a4-18ec3c323a4d,medial.graphics,available,22.98,31.98,high,low,6,namecheap,,,24/08/2026 18:51
7ce378c7-edcb-4d5c-b28f-1d651766d6a4,fiction.graphics,available,23.99,23.99,high,low,7,namesilo,,,
540cef8b-7dcf-488a-a1f4-8a1beb9eff74,might.graphics,available,31.98,,high,low,5,namecheap,,,
b33a4910-dea8-4d3c-b7bb-cfc4bc708fb3,fledged.graphics,available,22.98,31.98,high,low,7,namecheap,,,18/08/2026 07:25
5e41e6c8-3e77-406a-bf7f-4146bcc584a0,scathing.graphics,available,22.98,31.98,medium,low,8,namecheap,,,09/09/2026 22:57
5ab1a504-57ab-4db3-a8fb-d7e31f1a042e,blackout.graphics,available,23.99,23.99,high,low,8,namesilo,,,18/09/2026 22:20
d2d4dc2a-4b28-4277-b995-0d58e0416a25,smithsonian.graphics,available,23.99,23.99,high,low,11,namesilo,,,25/09/2026 12:40
8c63f0f5-2c4b-4cdf-bd52-c84bd1909f99,round.graphics,available,22.98,31.98,high,low,5,namecheap,,,09/08/2026 05:09
affc21ff-8721-46b0-bbb4-f1c530af5185,prox.graphics,available,22.98,31.98,medium,low,4,namecheap,,,09/09/2026 04:42
ff26c808-84cb-4be5-aa95-bca019e9d28a,upstanding.graphics,available,22.98,31.98,high,low,10,namecheap,,,12/09/2026 23:22
19841062-4d35-4fb9-9201-1ff8ee3a621d,basseterre.graphics,available,23.99,23.99,medium,low,10,namesilo,,,22/09/2026 12:18
d39dffa2-d312-4275-9afe-73eb6c75a840,astutely.graphics,available,22.98,31.98,medium,low,8,namecheap,,,13/09/2026 22:20
632fdf4a-279f-4093-94ba-04553d0c6186,impudent.graphics,available,22.98,31.98,medium,low,8,namecheap,,,18/08/2026 08:23
929638ea-02ca-4e4c-ae40-407d21efcf66,set.graphics,premium,128.7,128.7,high,low,3,namecheap,,,22/09/2026 19:35
16631121-6dc0-4f22-9042-5f6c0c6d48a7,blanched.graphics,available,22.98,31.98,medium,low,8,namecheap,,,07/08/2026 02:14
85b96cfe-5803-47c1-99ad-4c962573e2a7,accomplished.graphics,available,23.99,23.99,high,low,12,namesilo,,,
415b080c-1867-4bdf-9fd8-db1c601be116,shooter.graphics,available,22.98,31.98,high,low,7,namecheap,,,24/09/2026 19:04
e5b4b20b-8ffa-42f3-8443-b92ce4db53d5,allometric.graphics,available,22.98,31.98,medium,low,10,namecheap,,,
654e981e-0688-4abf-9381-7117c72fe196,queenlike.graphics,available,22.98,31.98,medium,low,9,namecheap,,,09/09/2026 07:54
76dbe274-7461-4353-b4a8-557598bd8214,iodized.graphics,available,22.98,31.98,medium,low,7,namecheap,,,22/08/2026 09:18
5aaf688a-75f4-4875-b4aa-07b6d5d147f3,verbalize.graphics,available,22.98,31.98,high,low,9,namecheap,,,13/09/2026 00:14
eaa5a8d2-8eee-4cb8-972d-4cbdef3db3b7,ages.graphics,available,23.99,23.99,medium,low,4,namesilo,,,
d752acc0-5ecb-4500-b49d-90ffe415b4f3,reader.graphics,available,23.99,23.99,high,low,6,namesilo,,,
aff6ce61-f76b-429b-8fc7-27e05fdd8447,purr.graphics,available,22.98,31.98,high,low,4,namecheap,,,23/09/2026 20:53
a50257fc-eb29-4727-89a0-10b83dd3b225,pricey.graphics,available,22.98,31.98,medium,low,6,namecheap,,,21/08/2026 08:57
ad98520a-c8fe-4820-bc50-bd40b43ae7f3,spheres.graphics,available,23.99,23.99,medium,low,7,namesilo,,,20/09/2026 04:06
7d25762a-0d6b-4330-b8af-cb2f59f60228,hawkish.graphics,available,22.98,31.98,medium,low,7,namecheap,,,21/08/2026 01:38
b8f3da26-a8aa-4135-8554-7f240d9d846b,migratory.graphics,available,22.98,31.98,medium,low,9,namecheap,,,24/08/2026 22:49
8c8a7fb3-2f6d-41b0-bda8-a12aed46f919,rowland.graphics,available,22.98,31.98,high,low,7,namecheap,,,25/09/2026 15:13
a72a2a39-1cbe-49cc-b4d9-633c544967cf,frank.graphics,premium,118.8,118.8,high,medium,5,namesilo,,,08/09/2026 05:07
2ca8fb74-aba4-4f2d-9b5d-c7f72972339a,fibreoptic.graphics,available,22.98,31.98,medium,low,10,namecheap,,,18/08/2026 03:14
7fa1520c-b722-4f2b-9f6c-4659010d05af,rules.graphics,available,23.99,23.99,high,low,5,namesilo,,,
1adc4384-7660-4bd4-954d-cca48d3ca93d,latish.graphics,available,22.98,31.98,medium,low,6,namecheap,,,22/08/2026 20:43
830905a7-90e6-4fad-ac2d-c5521e8dc79c,loveable.graphics,available,22.98,31.98,high,low,8,namecheap,,,24/08/2026 10:07
348cbeb7-28c7-423f-aed0-68b9ba0a7259,mimetic.graphics,available,22.98,31.98,medium,low,7,namecheap,,,24/08/2026 23:27
b67c5512-e620-40e3-b020-57d1adebebfa,wedged.graphics,available,22.98,31.98,medium,low,6,namecheap,,,21/08/2026 21:38
c5c5e856-4927-4eda-a4f3-b513fa0d1a68,bangla.graphics,available,31.99,33.99,high,low,6,name.com,,,22/09/2026 01:51
d2854ecf-85d8-4b59-9dfd-69526f6d0759,amuse.graphics,available,23.99,23.99,high,low,5,namesilo,,,
7194dc30-fe82-4964-87fe-f18881a2cddc,whiskers.graphics,available,22.98,31.98,high,low,8,namecheap,,,22/09/2026 21:02
fff545f2-34ef-4aaa-9423-d96d0dc5556f,descendent.graphics,available,22.98,31.98,medium,low,10,namecheap,,,14/08/2026 03:16
9b592d2b-8e48-43be-9720-38280e2ddab8,foyer.graphics,available,23.99,23.99,high,low,5,namesilo,,,19/09/2026 12:45
24a1fe99-abd6-47e5-8de3-594d1d449532,threat.graphics,available,31.98,,high,low,6,namecheap,,,
4fc071e3-b7e6-4209-a9ae-7f96b2a4630b,disease.graphics,available,23.99,23.99,high,low,7,namesilo,,,
46910f55-34cf-4144-a52b-4eb9c093b7b8,anionic.graphics,available,22.98,31.98,medium,low,7,namecheap,,,
ba07389a-57ed-4de2-899e-ced5fdcf6fc4,alternatively.graphics,available,23.99,23.99,medium,low,13,namesilo,,,16/09/2026 12:44
e869267f-383c-4759-a889-03b1766c6a56,clubby.graphics,available,22.98,31.98,medium,low,6,namecheap,,,12/08/2026 11:19
4eb0bd19-e442-4b7e-9ff3-be43a95d3e15,cognisant.graphics,available,22.98,31.98,medium,low,9,namecheap,,,08/08/2026 00:18
f9f602c4-d523-429a-9787-f5148e1ecf14,arctiid.graphics,available,23.99,23.99,medium,low,7,namesilo,,,20/09/2026 02:47
b3627034-05e0-4c86-ae6e-54725a03265b,heighten.graphics,available,22.98,31.98,high,low,8,namecheap,,,12/08/2026 19:31
b7e2176b-c560-4e81-b8b8-1ab2a396f5d6,unusually.graphics,available,22.98,31.98,medium,low,9,namecheap,,,15/09/2026 23:04
43bf800b-3ac8-415f-8e95-c7d68f785656,brushed.graphics,available,22.98,31.98,high,low,7,namecheap,,,11/08/2026 06:58
1331e4c8-211c-4b7d-94b4-5022aa11f44a,alarmism.graphics,available,23.99,23.99,medium,low,8,namesilo,,,18/09/2026 01:58
2c45a056-2153-4f0a-9f5c-7935fe4e55e7,snoek.graphics,available,23.99,23.99,medium,low,5,namesilo,,,22/09/2026 07:53
f9eef099-1de5-44e2-89ab-20b2c0e5b92c,ass.graphics,premium,118.8,118.8,high,low,3,namesilo,,,09/08/2026 12:05
552aa1a6-f910-42c1-a518-f1d439377842,timid.graphics,available,22.98,31.98,high,low,5,namecheap,,,11/08/2026 22:46
408a7245-f434-4598-8de2-1fd9e5919c08,tartness.graphics,available,23.99,23.99,medium,low,8,namesilo,,,17/09/2026 03:12
9512684a-5577-42d7-a8aa-0dfb633e0868,richness.graphics,available,23.99,23.99,high,low,8,namesilo,,,17/09/2026 14:41
f5737f9b-724e-4d0e-9fac-b389a7be123a,abstention.graphics,available,22.98,31.98,medium,low,10,namecheap,,,16/09/2026 18:27
c7b8a17e-ae28-4bca-b4f0-0250dbd3f2ab,foamy.graphics,available,22.98,31.98,high,low,5,namecheap,,,11/08/2026 07:20
ee8eee28-4b3a-484a-b9a3-668df73a4738,pettily.graphics,available,22.98,31.98,low,low,7,namecheap,,,15/09/2026 19:44
c70c4765-d286-431c-ab96-673a960deca0,magnetized.graphics,available,22.98,31.98,medium,low,10,namecheap,,,24/08/2026 13:04
6258e428-1ffb-4d7a-b86b-0572562c0d12,aragonite.graphics,available,23.99,23.99,medium,low,9,namesilo,,,19/09/2026 23:43
3163c8d7-6a2e-46db-9512-7246e379722d,bluntly.graphics,available,22.98,31.98,medium,low,7,namecheap,,,14/09/2026 00:39
5d2773ef-b8c9-45a9-8aa1-c73f193be49a,pensive.graphics,available,22.98,31.98,high,low,7,namecheap,,,11/08/2026 06:00
96b36286-92aa-41a3-8030-f7ada354561d,dandyish.graphics,available,31.99,33.99,medium,low,8,name.com,,,13/08/2026 17:03
8cc37b77-8b4f-442c-96fc-2131b09c6013,wounding.graphics,available,22.98,31.98,medium,low,8,namecheap,,,10/09/2026 17:53
c3210441-aa12-4b64-89ed-aaffbe655d2d,dissected.graphics,available,22.98,31.98,medium,low,9,namecheap,,,12/08/2026 10:41
74419f1d-5186-43cf-a998-e08dfac02324,clink.graphics,available,22.98,31.98,medium,low,5,namecheap,,,08/09/2026 22:47
ff4a48af-92df-4d13-ad3d-5e3e21048d0c,radon.graphics,available,23.99,23.99,high,low,5,namesilo,,,21/09/2026 00:00
4233586e-83fb-467b-89dc-1e52190f1242,absorbing.graphics,available,22.98,31.98,high,low,9,namecheap,,,21/09/2026 15:02
db6e84a8-e26b-4b1b-a4bd-5c8a89ebb093,travels.graphics,available,22.98,31.98,high,low,7,namecheap,,,17/09/2026 06:44
1dd5d344-e782-4260-9638-fd690bbb869a,permeable.graphics,available,22.98,31.98,high,low,9,namecheap,,,08/09/2026 17:36
389c59c0-de6f-47a4-b84f-8ef0d63091fe,chivalrous.graphics,available,22.98,31.98,high,low,10,namecheap,,,12/08/2026 06:14
d0023aa8-d5ae-47da-8a8a-89073087820b,vents.graphics,available,23.99,23.99,medium,low,5,namesilo,,,21/09/2026 06:42
62cf2564-9d08-41a9-850b-4040dea1f0b7,richelieu.graphics,available,22.98,31.98,medium,low,9,namecheap,,,20/09/2026 06:31
0ed2e048-bd8e-4138-a76a-3ab8ea11e3c0,laughable.graphics,available,23.99,23.99,high,low,9,namesilo,,,23/09/2026 15:25
c7667571-35d8-41bd-8709-54c673cb614b,lxxi.graphics,available,22.98,31.98,medium,low,4,namecheap,,,
36b1aaab-1b6c-4b7c-bbbd-d9f3b565ca87,wads.graphics,available,22.98,31.98,high,low,4,namecheap,,,14/09/2026 23:30
84ff19e6-f46b-405c-adae-4ab5ee863981,extropic.graphics,available,22.98,31.98,medium,low,8,namecheap,,,17/08/2026 19:38
6faf68ff-3df4-4e6a-94d1-da36194cf830,refunds.graphics,available,22.98,31.98,medium,low,7,namecheap,,,20/09/2026 14:13
5a94d0f5-9ecb-4e18-9377-07f53744fd45,gunrunner.graphics,available,22.98,31.98,medium,low,9,namecheap,,,20/09/2026 07:45
95b5f99f-bde0-495f-89aa-f969d10f7edc,moi.graphics,premium,118.8,118.8,high,low,3,namesilo,,,
79c99c99-a7af-4621-883b-05fb0383bf11,downer.graphics,available,22.98,31.98,medium,low,6,namecheap,,,14/08/2026 02:41
2a0a4000-fd27-4480-a3c3-ec10814185f2,unholy.graphics,available,22.98,31.98,medium,low,6,namecheap,,,14/08/2026 01:33
189b7004-6285-4ce1-93dd-02c7616a929a,comment.graphics,available,23.99,23.99,high,low,7,namesilo,,,24/09/2026 16:29
14afade7-3dc9-4d5f-aa6f-bae54eed8a2f,robertson.graphics,available,23.99,23.99,high,low,9,namesilo,,,25/09/2026 09:45
c5c1afc4-76c0-426c-9df6-f7af52febbe6,bearish.graphics,available,22.98,31.98,medium,low,7,namecheap,,,09/08/2026 04:48
5dac8f94-1336-4cf3-aa6f-278f4027c03e,empyreal.graphics,available,22.98,31.98,medium,low,8,namecheap,,,16/08/2026 20:53
69519a04-45b3-492c-b72a-e1e898335d42,diehard.graphics,available,22.98,31.98,high,low,7,namecheap,,,11/09/2026 18:42
46dc45db-6519-44d5-a330-305bdc46c656,reality.graphics,resell,,,high,low,7,,,,26/09/2026 00:09
4d00b71b-46ff-49ba-b255-3a4fd6bf6f68,aerobic.graphics,available,22.98,31.98,high,low,7,namecheap,,,21/09/2026 21:01
1b27b0ef-68de-4699-ac17-95bc9c91ad7a,excitable.graphics,available,22.98,31.98,medium,low,9,namecheap,,,17/08/2026 16:22
1a16444d-18eb-4d86-814e-b08148e6fb86,stick.graphics,available,23.99,23.99,high,low,5,namesilo,,,
37c54893-8aea-443b-8266-9eb4e1a7935f,moistly.graphics,available,22.98,31.98,low,low,7,namecheap,,,14/09/2026 10:31
66ffeac7-963e-48b4-9250-87f3675a726e,ornery.graphics,available,22.98,31.98,medium,low,6,namecheap,,,13/08/2026 08:28
447b5fc0-a75b-4d59-8ab0-7d26a761f482,amiable.graphics,available,22.98,31.98,high,low,7,namecheap,,,21/09/2026 21:32
ce8d35f4-1981-47f6-9493-14a22f953639,aunts.graphics,available,23.99,23.99,medium,low,5,namesilo,,,18/09/2026 15:51
37592c05-2791-4212-ba34-68826f00f4af,conscious.graphics,available,22.98,31.98,high,low,9,namecheap,,,23/09/2026 20:38
69247d4b-4535-451b-b9c2-31669d2e5816,jugular.graphics,available,22.98,31.98,medium,low,7,namecheap,,,22/08/2026 14:16
7599e5b5-6f2a-41b5-86c0-d21eaa98b3d8,bugbane.graphics,available,22.98,31.98,medium,low,7,namecheap,,,18/09/2026 20:09
b1e38d3c-8ba2-4fcc-aabe-e49640039e84,docile.graphics,available,22.98,31.98,medium,low,6,namecheap,,,14/08/2026 14:17
30010342-9c06-4030-bf47-0fcd7dc955ad,pyramidal.graphics,available,22.98,31.98,high,low,9,namecheap,,,09/09/2026 06:55
55495c42-050a-41eb-b335-a2b96d245fce,gallantly.graphics,available,22.98,31.98,medium,low,9,namecheap,,,14/09/2026 06:45
fd5d4120-5583-4070-9c37-871395b0bf7c,verboten.graphics,available,22.98,31.98,medium,low,8,namecheap,,,18/08/2026 11:06
289ead01-aa13-4a84-892e-f7c7179d82d4,heretofore.graphics,available,22.98,31.98,medium,low,10,namecheap,,,13/09/2026 21:50
0b34755a-481d-4185-9f49-7e13f86ac8dd,outlined.graphics,available,22.98,31.98,high,low,8,namecheap,,,04/09/2026 19:31
217a9de0-1c55-4db5-88d5-aa08a080987e,concerted.graphics,available,22.98,31.98,high,low,9,namecheap,,,12/08/2026 20:06
c7414d31-8ec0-469b-872e-c2d14afc352f,armless.graphics,available,22.98,31.98,medium,low,7,namecheap,,,06/08/2026 19:54
14b1fe4d-307c-45d7-a3c7-f9d2f9f4251f,fizzing.graphics,available,22.98,31.98,medium,low,7,namecheap,,,18/08/2026 06:02
f69e78c9-661c-485c-9237-7f1ef29ecc7f,executives.graphics,available,23.99,23.99,high,low,10,namesilo,,,21/09/2026 01:35
9f3fb5d7-78df-4528-a698-b1ff845724f1,established.graphics,available,23.99,23.99,high,low,11,namesilo,,,
38573505-5bdd-402d-8547-e155f16f8222,inflowing.graphics,available,22.98,31.98,high,low,9,namecheap,,,22/08/2026 04:34
144e6cce-d0cf-4aa2-b0cb-daa2ad8f4f91,toon.graphics,available,23.99,23.99,high,low,4,namesilo,,,19/09/2026 09:01
1a21950d-8dd5-482f-9a43-aa36cd41ae8e,briggs.graphics,available,23.99,23.99,high,low,6,namesilo,,,25/09/2026 15:50
d7b90d79-b0c3-4747-a2ac-7dfe1e404dac,emir.graphics,available,31.99,33.99,high,low,4,name.com,,,18/09/2026 17:55
beee4df5-9361-4dfb-bf69-2ce5cf2501de,avail.graphics,available,23.99,23.99,high,low,5,namesilo,,,21/09/2026 08:37
00033265-79d0-42e1-9ba4-6ae51f37362e,prochoice.graphics,available,23.99,23.99,high,low,10,namesilo,,,
1b3a4f93-190a-4077-89ff-7ccb7249f6ac,affine.graphics,available,22.98,31.98,high,low,6,namecheap,,,
1d58d26a-4946-48a0-a3e0-7f4175175ccd,alky.graphics,available,22.98,31.98,medium,low,4,namecheap,,,
3e4cc1f2-193b-4f1d-a8be-3a7ac7b29ff7,erratic.graphics,available,22.98,31.98,high,low,7,namecheap,,,17/08/2026 12:46
09f5b1cb-e661-4f8c-8ac0-967d016711b7,compton.graphics,available,23.99,23.99,high,low,7,namesilo,,,20/09/2026 10:47
86c96bad-d687-45a2-b95c-94906223d20f,attrition.graphics,available,23.99,23.99,high,low,9,namesilo,,,21/09/2026 02:20
6e5f5c37-6504-4ee0-b335-5b72f2e62239,fruiting.graphics,available,22.98,31.98,high,low,8,namecheap,,,18/08/2026 17:04
70fa3041-9141-43c7-8b43-62810bdca3d7,stodgy.graphics,available,22.98,31.98,medium,low,6,namecheap,,,18/08/2026 10:04
f41c72c5-e295-4a9f-b1ed-19c6f14d1d03,gladiola.graphics,available,22.98,31.98,medium,low,8,namecheap,,,19/08/2026 00:09
8f797f24-5cfa-45f1-8b70-7480fc3c29ab,disneyland.graphics,available,23.99,23.99,high,low,10,namesilo,,,
66ebff7a-0330-4105-bd3f-afb180707a81,filaria.graphics,available,23.99,23.99,medium,low,7,namesilo,,,18/09/2026 06:14
57d5692c-254e-44a8-9ee4-534ea772a796,duly.graphics,available,22.98,31.98,high,low,4,namecheap,,,14/09/2026 14:47
d1be5439-e802-4e1f-82d1-0849e821d386,modish.graphics,available,22.98,31.98,high,low,6,namecheap,,,
871325b5-eda3-4474-82c3-372037bf2577,cocoa.graphics,available,23.99,23.99,high,low,5,namesilo,,,
da0d3d61-14be-4458-9a47-95f08b7c4802,gory.graphics,available,22.98,31.98,medium,low,4,namecheap,,,10/08/2026 15:23
14c63d3f-ea2f-4fdb-9371-2105c6c7a1e4,rise.graphics,available,23.99,23.99,high,medium,4,namesilo,,,22/09/2026 09:12
70bf5161-06e2-4ad5-a35c-d708d12196e7,unredeemed.graphics,available,22.98,31.98,medium,low,10,namecheap,,,12/09/2026 17:55
6ef5b620-0fe6-4166-9b5e-799e1d894c14,marshy.graphics,available,22.98,31.98,medium,low,6,namecheap,,,10/08/2026 17:03
eb2fcb4c-e7d9-47c4-9754-5f1556cceb66,ataraxic.graphics,available,22.98,31.98,low,low,8,namecheap,,,07/08/2026 12:49
1092215c-d531-4622-b320-f573053b52dd,salon.graphics,available,22.98,31.98,high,low,5,namecheap,,,22/09/2026 22:23
26efef4a-4e77-4132-a493-06a00a04ceda,angas.graphics,available,23.99,23.99,medium,low,5,namesilo,,,19/09/2026 05:46
80e5d7ec-b430-44eb-93ef-04f1f4023906,plotted.graphics,available,22.98,31.98,high,low,7,namecheap,,,21/09/2026 22:10
12f77697-354e-4382-a1e3-41f11cd35688,several.graphics,available,23.99,23.99,high,low,7,namesilo,,,
60a4f33e-ef66-449b-a401-896489cc233b,option.graphics,available,23.99,23.99,high,low,6,namesilo,,,22/09/2026 02:42
7ab87d5e-456e-485c-afae-f412a23280f7,sills.graphics,available,23.99,23.99,high,low,5,namesilo,,,23/09/2026 06:04
02b637e2-5827-4b65-bbc5-fb1754ef0ba8,frizzy.graphics,available,22.98,31.98,high,low,6,namecheap,,,18/08/2026 16:08
e58154d5-e6e0-458b-bee6-d50803810f04,colloquial.graphics,available,22.98,31.98,medium,low,10,namecheap,,,12/08/2026 17:14
e1f2a9fd-2679-40f1-8100-9f39e201a7ce,sammy.graphics,available,23.99,23.99,high,low,5,namesilo,,,26/09/2026 03:25
0a0f093d-f8de-4ead-adf3-c82a2c4eff2c,mightily.graphics,available,22.98,31.98,medium,low,8,namecheap,,,24/08/2026 22:45
4a1fb546-8571-4000-8a67-e22c9ff9df9c,unshoed.graphics,available,22.98,31.98,low,low,7,namecheap,,,12/09/2026 19:51
aa6e72e9-0dfe-4d29-a0a6-4c9b51a3ca22,pads.graphics,available,23.99,23.99,high,low,4,namesilo,,,20/09/2026 10:38
02c689c8-c149-4158-86fa-9b22be5e8a85,wholemeal.graphics,available,22.98,31.98,medium,low,9,namecheap,,,13/09/2026 11:17
be0261fc-0f62-468f-a07e-b21aabdac2da,accusative.graphics,available,22.98,31.98,high,low,10,namecheap,,,
b8cbe575-c90e-409c-8788-67864044aba7,hop.graphics,premium,123.75,123.75,high,low,3,name.com,,,25/09/2026 07:30
6074d312-75f5-4d4c-a556-f1f6e687da4a,seething.graphics,available,22.98,31.98,medium,low,8,namecheap,,,10/09/2026 01:49
6a5c5c56-aaa6-42ec-ac9d-eb3380d69265,hitch.graphics,available,22.98,31.98,medium,low,5,namecheap,,,20/08/2026 22:55
d298fccd-3c76-40b6-80a2-d7d3fa8e196e,respite.graphics,available,22.98,31.98,high,low,7,namecheap,,,16/09/2026 14:06
727575ab-07ec-46cc-ba8d-1a884593bc48,gamba.graphics,available,22.98,31.98,medium,low,5,namecheap,,,22/09/2026 11:54
17ed9891-aec5-4f39-b0c0-af6d31816bf9,teaspoons.graphics,available,23.99,23.99,medium,low,9,namesilo,,,19/09/2026 22:48
3833d190-2ec2-4996-8b47-e79492a44606,chatterer.graphics,available,23.99,23.99,high,low,9,namesilo,,,21/09/2026 12:24
374f61d4-3fb3-4b2b-a6e9-82fe8d3d503a,plentitude.graphics,available,22.98,31.98,high,low,10,namecheap,,,15/09/2026 20:35
32d8ce75-86cd-47e0-8078-999599f44405,albuca.graphics,available,23.99,23.99,medium,low,6,namesilo,,,18/09/2026 03:19
0a0261cc-c45f-4b0c-986a-629a1d01423f,narratives.graphics,available,23.99,23.99,medium,low,10,namesilo,,,20/09/2026 10:13
6a73a1a6-8739-4462-8ded-1b7873829322,expedite.graphics,available,23.99,23.99,high,low,8,namesilo,,,
a5a406d4-c5f1-40e3-8aa0-dd1cb61b067e,colonic.graphics,available,22.98,31.98,medium,low,7,namecheap,,,12/08/2026 17:22
d05cdf57-d5a6-4582-8595-84f8a0aee5af,thankfully.graphics,available,22.98,31.98,high,low,10,namecheap,,,16/09/2026 08:28
cf031493-8f68-495d-b212-8c0b4e154da1,acerola.graphics,available,23.99,23.99,medium,low,7,namesilo,,,16/09/2026 23:42
6169038c-d8a7-460e-beec-da341bc5b836,hierarch.graphics,available,22.98,31.98,medium,low,8,namecheap,,,20/09/2026 02:30
e312ff00-0926-4f03-baa4-c945da248aea,daybreak.graphics,available,22.98,31.98,high,low,8,namecheap,,,11/09/2026 02:05
7f2c18c9-9691-42df-ae3b-16681a5b3b20,drenched.graphics,available,22.98,31.98,high,low,8,namecheap,,,14/08/2026 18:51
ec00f38c-5a2d-49ef-b87f-f2c5d4b45520,maximizing.graphics,available,22.98,31.98,high,low,10,namecheap,,,24/08/2026 17:56
6dec39da-ab6f-4604-9e64-e934c0143ea4,participant.graphics,available,23.99,23.99,high,low,11,namesilo,,,
8c68c2b7-d082-433b-9505-7608ed967eb7,seal.graphics,available,23.99,23.99,high,low,4,namesilo,,,25/09/2026 22:00
94917d80-f62c-4d3e-a994-0afa485637f1,hastings.graphics,available,23.99,23.99,high,low,8,namesilo,,,22/09/2026 15:09
5987d6a9-d8fd-4b23-9ef7-faab45568942,jews.graphics,available,22.98,31.98,medium,low,4,namecheap,,,
ee8c7860-5511-4d8b-9845-d3646d4fb712,barge.graphics,available,23.99,23.99,medium,low,5,namesilo,,,22/09/2026 05:37
ecbd10b5-7678-466d-8fab-dea5fab6769e,lund.graphics,available,23.99,23.99,high,low,4,namesilo,,,25/09/2026 09:11
4d7d9f72-d7c6-4d11-a8e3-25b3b97dc415,faker.graphics,available,22.98,31.98,medium,low,5,namecheap,,,09/09/2026 05:01
6e47e004-e3f3-41f4-a578-4e0421635ffe,aug.graphics,premium,38.94,38.94,high,low,3,namesilo,,,07/08/2026 17:10
8f22d645-4d19-4dd8-acc0-5b77431ba8cc,vestiary.graphics,available,22.98,31.98,medium,low,8,namecheap,,,13/09/2026 04:51
69033ef2-a8c9-4696-ac2c-88b63234195e,seductive.graphics,available,22.98,31.98,high,low,9,namecheap,,,10/09/2026 01:39
d5774c25-fd60-46b6-95ec-7c574c9e08ba,flatness.graphics,available,22.98,31.98,medium,low,8,namecheap,,,24/08/2026 17:17
72a4a63e-af91-408b-9c81-debc07a3cce8,soups.graphics,available,23.99,23.99,medium,low,5,namesilo,,,19/09/2026 22:44
d29e99df-0e53-45aa-9dda-1f03eea142bf,specter.graphics,available,22.98,31.98,high,low,7,namecheap,,,08/09/2026 18:41
8a981f46-4ece-4a03-8752-ae916a6070db,epizoon.graphics,available,22.98,31.98,medium,low,7,namecheap,,,15/08/2026 00:52
8ff5839a-5cc1-4b0e-9ade-8bce5d63cdab,slipping.graphics,available,22.98,31.98,high,low,8,namecheap,,,10/09/2026 11:05
eed31c92-4d52-4d11-b920-5445690ffdae,ably.graphics,available,22.98,31.98,high,low,4,namecheap,,,13/09/2026 16:20
196ff5be-0a5a-4681-b2ce-66e7c60c4b6a,antimony.graphics,available,23.99,23.99,medium,low,8,namesilo,,,19/09/2026 14:45
b9680bbf-8ff7-462c-83ef-4f0864d45683,shamed.graphics,available,22.98,31.98,medium,low,6,namecheap,,,14/08/2026 10:25
ce5f091d-2dd3-4428-9062-351fcb87e7bd,top.graphics,premium,118.8,118.8,high,medium,3,namesilo,,,25/09/2026 19:45
307c4534-540a-4f36-a318-d2753d177db3,shouting.graphics,available,22.98,31.98,high,low,8,namecheap,,,12/08/2026 03:49
5b7c9844-187e-4288-a5b0-eba144532035,struggling.graphics,available,22.98,31.98,medium,low,10,namecheap,,,10/09/2026 22:52
f5d78c4a-7f81-4d7e-be34-6b750eabdac2,pacify.graphics,available,22.98,31.98,high,low,6,namecheap,,,18/08/2026 22:00
32984acf-ead8-4cd9-acb6-438b13b3a191,dicks.graphics,available,23.99,23.99,medium,low,5,namesilo,,,
9fbf1344-0f04-4a9a-b8fd-6eabb4884957,downstair.graphics,available,22.98,31.98,medium,low,9,namecheap,,,14/08/2026 17:57
8e8f9a2d-1886-4164-9770-0cc10ddc72a4,manly.graphics,available,22.98,31.98,high,low,5,namecheap,,,24/08/2026 14:44
fb3ae187-6357-45de-8b6e-e3f2045471f2,recidivist.graphics,available,23.99,23.99,medium,low,10,namesilo,,,21/09/2026 15:57
512517a9-212c-42c9-93af-2a211950e94f,ultimately.graphics,available,23.99,23.99,high,low,10,namesilo,,,
0039fd50-7034-4a8b-9310-1bfcc2e52304,intragroup.graphics,available,22.98,31.98,medium,low,10,namecheap,,,22/08/2026 08:41
b6c19828-8329-4f25-afdf-32cd23ff53a7,overdue.graphics,available,23.99,23.99,medium,low,7,namesilo,,,26/09/2026 03:28
4837b46a-ec6b-4f5d-9d7e-d8565f962681,renascent.graphics,available,22.98,31.98,high,low,9,namecheap,,,09/09/2026 13:55
3320b8c7-53da-4b43-871d-a23f23f4fa48,doctor.graphics,available,23.99,23.99,high,low,6,namesilo,,,
67d32498-e6eb-489b-ba56-f49f55996895,frankie.graphics,available,23.99,23.99,high,low,7,namesilo,,,26/09/2026 03:25
14a6b204-6664-4b64-a3b1-fdcc1857aa04,soupy.graphics,available,22.98,31.98,medium,low,5,namecheap,,,09/08/2026 01:20
70fa0134-d557-422d-9199-d7366ce50740,carols.graphics,available,22.98,31.98,medium,low,6,namecheap,,,17/09/2026 18:54
64558fc6-0b15-45d0-9b0b-526535c3ecea,those.graphics,available,23.99,23.99,medium,low,5,namesilo,,,
d9923757-f49e-4a76-8509-6a596bfeb85f,autonomic.graphics,available,22.98,31.98,high,low,9,namecheap,,,07/08/2026 20:52
853950fa-af01-4b2b-bccf-3bc09c566e23,connectivity.graphics,available,22.98,31.98,high,low,12,namecheap,,,24/09/2026 02:41
d53cc22c-8a1f-487a-b172-c57a52bd2550,fright.graphics,available,23.99,23.99,high,low,6,namesilo,,,17/09/2026 14:50
538bb154-30df-446b-934d-420252429553,admirer.graphics,available,23.99,23.99,high,low,7,namesilo,,,17/09/2026 08:56
5bd6709a-86c5-41e9-9881-6e897f55d3ca,confused.graphics,available,22.98,31.98,high,low,8,namecheap,,,07/08/2026 12:02